[     822ms] [INFO] [2026-04-15T14:16:26.734Z] Information: Normalizing '_blazor' to 'https://r2.jjagd.net/_blazor'. @ https://r2.jjagd.net/_framework/blazor.web.qcnkhbt5lj.js:0
[    1056ms] [INFO] [2026-04-15T14:16:26.970Z] Information: WebSocket connected to wss://r2.jjagd.net/_blazor?id=UIpyfrzpWFTw7pgFAJzjOw. @ https://r2.jjagd.net/_framework/blazor.web.qcnkhbt5lj.js:0
[12278949ms] [ERROR] [2026-04-15T17:41:04.859Z] Error: Connection disconnected with error 'Error: WebSocket closed with status code: 1006 (no reason given).'. @ https://r2.jjagd.net/_framework/blazor.web.qcnkhbt5lj.js:0
[12279038ms] [INFO] [2026-04-15T17:41:04.951Z] Information: Normalizing '_blazor' to 'https://r2.jjagd.net/_blazor'. @ https://r2.jjagd.net/_framework/blazor.web.qcnkhbt5lj.js:0
[12279494ms] [ERROR] Failed to load resource: the server responded with a status of 502 () @ https://r2.jjagd.net/_blazor/negotiate?negotiateVersion=1:0
[12279499ms] [ERROR] [2026-04-15T17:41:05.413Z] Error: Failed to complete negotiation with the server: Error: <html>
<head><title>502 Bad Gateway</title></head>
<body>
<center><h1>502 Bad Gateway</h1></center>
<hr><center>openresty</center>
</body>
</html>
<!-- a padding to disable MSIE and Chrome friendly error page -->
<!-- a padding to disable MSIE and Chrome friendly error page -->
<!-- a padding to disable MSIE and Chrome friendly error page -->
<!-- a padding to disable MSIE and Chrome friendly error page -->
<!-- a padding to disable MSIE and Chrome friendly error page -->
<!-- a padding to disable MSIE and Chrome friendly error page -->
: Status code '502' @ https://r2.jjagd.net/_framework/blazor.web.qcnkhbt5lj.js:0
[12279500ms] [ERROR] [2026-04-15T17:41:05.413Z] Error: Failed to start the connection: Error: Failed to complete negotiation with the server: Error: <html>
<head><title>502 Bad Gateway</title></head>
<body>
<center><h1>502 Bad Gateway</h1></center>
<hr><center>openresty</center>
</body>
</html>
<!-- a padding to disable MSIE and Chrome friendly error page -->
<!-- a padding to disable MSIE and Chrome friendly error page -->
<!-- a padding to disable MSIE and Chrome friendly error page -->
<!-- a padding to disable MSIE and Chrome friendly error page -->
<!-- a padding to disable MSIE and Chrome friendly error page -->
<!-- a padding to disable MSIE and Chrome friendly error page -->
: Status code '502' @ https://r2.jjagd.net/_framework/blazor.web.qcnkhbt5lj.js:0
[12279500ms] [ERROR] [2026-04-15T17:41:05.413Z] Error: Error: Failed to complete negotiation with the server: Error: <html>
<head><title>502 Bad Gateway</title></head>
<body>
<center><h1>502 Bad Gateway</h1></center>
<hr><center>openresty</center>
</body>
</html>
<!-- a padding to disable MSIE and Chrome friendly error page -->
<!-- a padding to disable MSIE and Chrome friendly error page -->
<!-- a padding to disable MSIE and Chrome friendly error page -->
<!-- a padding to disable MSIE and Chrome friendly error page -->
<!-- a padding to disable MSIE and Chrome friendly error page -->
<!-- a padding to disable MSIE and Chrome friendly error page -->
: Status code '502' @ https://r2.jjagd.net/_framework/blazor.web.qcnkhbt5lj.js:0
[12279500ms] [ERROR] [2026-04-15T17:41:05.413Z] Error: Error: Failed to complete negotiation with the server: Error: <html>
<head><title>502 Bad Gateway</title></head>
<body>
<center><h1>502 Bad Gateway</h1></center>
<hr><center>openresty</center>
</body>
</html>
<!-- a padding to disable MSIE and Chrome friendly error page -->
<!-- a padding to disable MSIE and Chrome friendly error page -->
<!-- a padding to disable MSIE and Chrome friendly error page -->
<!-- a padding to disable MSIE and Chrome friendly error page -->
<!-- a padding to disable MSIE and Chrome friendly error page -->
<!-- a padding to disable MSIE and Chrome friendly error page -->
: Status code '502' @ https://r2.jjagd.net/_framework/blazor.web.qcnkhbt5lj.js:0
[12279500ms] [INFO] [2026-04-15T17:41:05.414Z] Information: Normalizing '_blazor' to 'https://r2.jjagd.net/_blazor'. @ https://r2.jjagd.net/_framework/blazor.web.qcnkhbt5lj.js:0
[12279503ms] [ERROR] Failed to load resource: the server responded with a status of 502 () @ https://r2.jjagd.net/_blazor/negotiate?negotiateVersion=1:0
[12279503ms] [ERROR] [2026-04-15T17:41:05.417Z] Error: Failed to complete negotiation with the server: Error: <html>
<head><title>502 Bad Gateway</title></head>
<body>
<center><h1>502 Bad Gateway</h1></center>
<hr><center>openresty</center>
</body>
</html>
<!-- a padding to disable MSIE and Chrome friendly error page -->
<!-- a padding to disable MSIE and Chrome friendly error page -->
<!-- a padding to disable MSIE and Chrome friendly error page -->
<!-- a padding to disable MSIE and Chrome friendly error page -->
<!-- a padding to disable MSIE and Chrome friendly error page -->
<!-- a padding to disable MSIE and Chrome friendly error page -->
: Status code '502' @ https://r2.jjagd.net/_framework/blazor.web.qcnkhbt5lj.js:0
[12279503ms] [ERROR] [2026-04-15T17:41:05.417Z] Error: Failed to start the connection: Error: Failed to complete negotiation with the server: Error: <html>
<head><title>502 Bad Gateway</title></head>
<body>
<center><h1>502 Bad Gateway</h1></center>
<hr><center>openresty</center>
</body>
</html>
<!-- a padding to disable MSIE and Chrome friendly error page -->
<!-- a padding to disable MSIE and Chrome friendly error page -->
<!-- a padding to disable MSIE and Chrome friendly error page -->
<!-- a padding to disable MSIE and Chrome friendly error page -->
<!-- a padding to disable MSIE and Chrome friendly error page -->
<!-- a padding to disable MSIE and Chrome friendly error page -->
: Status code '502' @ https://r2.jjagd.net/_framework/blazor.web.qcnkhbt5lj.js:0
[12279503ms] [ERROR] [2026-04-15T17:41:05.417Z] Error: Error: Failed to complete negotiation with the server: Error: <html>
<head><title>502 Bad Gateway</title></head>
<body>
<center><h1>502 Bad Gateway</h1></center>
<hr><center>openresty</center>
</body>
</html>
<!-- a padding to disable MSIE and Chrome friendly error page -->
<!-- a padding to disable MSIE and Chrome friendly error page -->
<!-- a padding to disable MSIE and Chrome friendly error page -->
<!-- a padding to disable MSIE and Chrome friendly error page -->
<!-- a padding to disable MSIE and Chrome friendly error page -->
<!-- a padding to disable MSIE and Chrome friendly error page -->
: Status code '502' @ https://r2.jjagd.net/_framework/blazor.web.qcnkhbt5lj.js:0
[12279503ms] [ERROR] [2026-04-15T17:41:05.417Z] Error: Error: Failed to complete negotiation with the server: Error: <html>
<head><title>502 Bad Gateway</title></head>
<body>
<center><h1>502 Bad Gateway</h1></center>
<hr><center>openresty</center>
</body>
</html>
<!-- a padding to disable MSIE and Chrome friendly error page -->
<!-- a padding to disable MSIE and Chrome friendly error page -->
<!-- a padding to disable MSIE and Chrome friendly error page -->
<!-- a padding to disable MSIE and Chrome friendly error page -->
<!-- a padding to disable MSIE and Chrome friendly error page -->
<!-- a padding to disable MSIE and Chrome friendly error page -->
: Status code '502' @ https://r2.jjagd.net/_framework/blazor.web.qcnkhbt5lj.js:0
[12279504ms] [INFO] [2026-04-15T17:41:05.417Z] Information: Normalizing '_blazor' to 'https://r2.jjagd.net/_blazor'. @ https://r2.jjagd.net/_framework/blazor.web.qcnkhbt5lj.js:0
[12279508ms] [ERROR] Failed to load resource: the server responded with a status of 502 () @ https://r2.jjagd.net/_blazor/negotiate?negotiateVersion=1:0
[12279508ms] [ERROR] [2026-04-15T17:41:05.421Z] Error: Failed to complete negotiation with the server: Error: <html>
<head><title>502 Bad Gateway</title></head>
<body>
<center><h1>502 Bad Gateway</h1></center>
<hr><center>openresty</center>
</body>
</html>
<!-- a padding to disable MSIE and Chrome friendly error page -->
<!-- a padding to disable MSIE and Chrome friendly error page -->
<!-- a padding to disable MSIE and Chrome friendly error page -->
<!-- a padding to disable MSIE and Chrome friendly error page -->
<!-- a padding to disable MSIE and Chrome friendly error page -->
<!-- a padding to disable MSIE and Chrome friendly error page -->
: Status code '502' @ https://r2.jjagd.net/_framework/blazor.web.qcnkhbt5lj.js:0
[12279508ms] [ERROR] [2026-04-15T17:41:05.421Z] Error: Failed to start the connection: Error: Failed to complete negotiation with the server: Error: <html>
<head><title>502 Bad Gateway</title></head>
<body>
<center><h1>502 Bad Gateway</h1></center>
<hr><center>openresty</center>
</body>
</html>
<!-- a padding to disable MSIE and Chrome friendly error page -->
<!-- a padding to disable MSIE and Chrome friendly error page -->
<!-- a padding to disable MSIE and Chrome friendly error page -->
<!-- a padding to disable MSIE and Chrome friendly error page -->
<!-- a padding to disable MSIE and Chrome friendly error page -->
<!-- a padding to disable MSIE and Chrome friendly error page -->
: Status code '502' @ https://r2.jjagd.net/_framework/blazor.web.qcnkhbt5lj.js:0
[12279508ms] [ERROR] [2026-04-15T17:41:05.421Z] Error: Error: Failed to complete negotiation with the server: Error: <html>
<head><title>502 Bad Gateway</title></head>
<body>
<center><h1>502 Bad Gateway</h1></center>
<hr><center>openresty</center>
</body>
</html>
<!-- a padding to disable MSIE and Chrome friendly error page -->
<!-- a padding to disable MSIE and Chrome friendly error page -->
<!-- a padding to disable MSIE and Chrome friendly error page -->
<!-- a padding to disable MSIE and Chrome friendly error page -->
<!-- a padding to disable MSIE and Chrome friendly error page -->
<!-- a padding to disable MSIE and Chrome friendly error page -->
: Status code '502' @ https://r2.jjagd.net/_framework/blazor.web.qcnkhbt5lj.js:0
[12279508ms] [ERROR] [2026-04-15T17:41:05.422Z] Error: Error: Failed to complete negotiation with the server: Error: <html>
<head><title>502 Bad Gateway</title></head>
<body>
<center><h1>502 Bad Gateway</h1></center>
<hr><center>openresty</center>
</body>
</html>
<!-- a padding to disable MSIE and Chrome friendly error page -->
<!-- a padding to disable MSIE and Chrome friendly error page -->
<!-- a padding to disable MSIE and Chrome friendly error page -->
<!-- a padding to disable MSIE and Chrome friendly error page -->
<!-- a padding to disable MSIE and Chrome friendly error page -->
<!-- a padding to disable MSIE and Chrome friendly error page -->
: Status code '502' @ https://r2.jjagd.net/_framework/blazor.web.qcnkhbt5lj.js:0
[12279508ms] [INFO] [2026-04-15T17:41:05.422Z] Information: Normalizing '_blazor' to 'https://r2.jjagd.net/_blazor'. @ https://r2.jjagd.net/_framework/blazor.web.qcnkhbt5lj.js:0
[12279512ms] [ERROR] Failed to load resource: the server responded with a status of 502 () @ https://r2.jjagd.net/_blazor/negotiate?negotiateVersion=1:0
[12279512ms] [ERROR] [2026-04-15T17:41:05.426Z] Error: Failed to complete negotiation with the server: Error: <html>
<head><title>502 Bad Gateway</title></head>
<body>
<center><h1>502 Bad Gateway</h1></center>
<hr><center>openresty</center>
</body>
</html>
<!-- a padding to disable MSIE and Chrome friendly error page -->
<!-- a padding to disable MSIE and Chrome friendly error page -->
<!-- a padding to disable MSIE and Chrome friendly error page -->
<!-- a padding to disable MSIE and Chrome friendly error page -->
<!-- a padding to disable MSIE and Chrome friendly error page -->
<!-- a padding to disable MSIE and Chrome friendly error page -->
: Status code '502' @ https://r2.jjagd.net/_framework/blazor.web.qcnkhbt5lj.js:0
[12279512ms] [ERROR] [2026-04-15T17:41:05.426Z] Error: Failed to start the connection: Error: Failed to complete negotiation with the server: Error: <html>
<head><title>502 Bad Gateway</title></head>
<body>
<center><h1>502 Bad Gateway</h1></center>
<hr><center>openresty</center>
</body>
</html>
<!-- a padding to disable MSIE and Chrome friendly error page -->
<!-- a padding to disable MSIE and Chrome friendly error page -->
<!-- a padding to disable MSIE and Chrome friendly error page -->
<!-- a padding to disable MSIE and Chrome friendly error page -->
<!-- a padding to disable MSIE and Chrome friendly error page -->
<!-- a padding to disable MSIE and Chrome friendly error page -->
: Status code '502' @ https://r2.jjagd.net/_framework/blazor.web.qcnkhbt5lj.js:0
[12279512ms] [ERROR] [2026-04-15T17:41:05.426Z] Error: Error: Failed to complete negotiation with the server: Error: <html>
<head><title>502 Bad Gateway</title></head>
<body>
<center><h1>502 Bad Gateway</h1></center>
<hr><center>openresty</center>
</body>
</html>
<!-- a padding to disable MSIE and Chrome friendly error page -->
<!-- a padding to disable MSIE and Chrome friendly error page -->
<!-- a padding to disable MSIE and Chrome friendly error page -->
<!-- a padding to disable MSIE and Chrome friendly error page -->
<!-- a padding to disable MSIE and Chrome friendly error page -->
<!-- a padding to disable MSIE and Chrome friendly error page -->
: Status code '502' @ https://r2.jjagd.net/_framework/blazor.web.qcnkhbt5lj.js:0
[12279512ms] [ERROR] [2026-04-15T17:41:05.426Z] Error: Error: Failed to complete negotiation with the server: Error: <html>
<head><title>502 Bad Gateway</title></head>
<body>
<center><h1>502 Bad Gateway</h1></center>
<hr><center>openresty</center>
</body>
</html>
<!-- a padding to disable MSIE and Chrome friendly error page -->
<!-- a padding to disable MSIE and Chrome friendly error page -->
<!-- a padding to disable MSIE and Chrome friendly error page -->
<!-- a padding to disable MSIE and Chrome friendly error page -->
<!-- a padding to disable MSIE and Chrome friendly error page -->
<!-- a padding to disable MSIE and Chrome friendly error page -->
: Status code '502' @ https://r2.jjagd.net/_framework/blazor.web.qcnkhbt5lj.js:0
[12279512ms] [INFO] [2026-04-15T17:41:05.426Z] Information: Normalizing '_blazor' to 'https://r2.jjagd.net/_blazor'. @ https://r2.jjagd.net/_framework/blazor.web.qcnkhbt5lj.js:0
[12279516ms] [ERROR] Failed to load resource: the server responded with a status of 502 () @ https://r2.jjagd.net/_blazor/negotiate?negotiateVersion=1:0
[12279517ms] [ERROR] [2026-04-15T17:41:05.430Z] Error: Failed to complete negotiation with the server: Error: <html>
<head><title>502 Bad Gateway</title></head>
<body>
<center><h1>502 Bad Gateway</h1></center>
<hr><center>openresty</center>
</body>
</html>
<!-- a padding to disable MSIE and Chrome friendly error page -->
<!-- a padding to disable MSIE and Chrome friendly error page -->
<!-- a padding to disable MSIE and Chrome friendly error page -->
<!-- a padding to disable MSIE and Chrome friendly error page -->
<!-- a padding to disable MSIE and Chrome friendly error page -->
<!-- a padding to disable MSIE and Chrome friendly error page -->
: Status code '502' @ https://r2.jjagd.net/_framework/blazor.web.qcnkhbt5lj.js:0
[12279517ms] [ERROR] [2026-04-15T17:41:05.430Z] Error: Failed to start the connection: Error: Failed to complete negotiation with the server: Error: <html>
<head><title>502 Bad Gateway</title></head>
<body>
<center><h1>502 Bad Gateway</h1></center>
<hr><center>openresty</center>
</body>
</html>
<!-- a padding to disable MSIE and Chrome friendly error page -->
<!-- a padding to disable MSIE and Chrome friendly error page -->
<!-- a padding to disable MSIE and Chrome friendly error page -->
<!-- a padding to disable MSIE and Chrome friendly error page -->
<!-- a padding to disable MSIE and Chrome friendly error page -->
<!-- a padding to disable MSIE and Chrome friendly error page -->
: Status code '502' @ https://r2.jjagd.net/_framework/blazor.web.qcnkhbt5lj.js:0
[12279517ms] [ERROR] [2026-04-15T17:41:05.430Z] Error: Error: Failed to complete negotiation with the server: Error: <html>
<head><title>502 Bad Gateway</title></head>
<body>
<center><h1>502 Bad Gateway</h1></center>
<hr><center>openresty</center>
</body>
</html>
<!-- a padding to disable MSIE and Chrome friendly error page -->
<!-- a padding to disable MSIE and Chrome friendly error page -->
<!-- a padding to disable MSIE and Chrome friendly error page -->
<!-- a padding to disable MSIE and Chrome friendly error page -->
<!-- a padding to disable MSIE and Chrome friendly error page -->
<!-- a padding to disable MSIE and Chrome friendly error page -->
: Status code '502' @ https://r2.jjagd.net/_framework/blazor.web.qcnkhbt5lj.js:0
[12279517ms] [ERROR] [2026-04-15T17:41:05.430Z] Error: Error: Failed to complete negotiation with the server: Error: <html>
<head><title>502 Bad Gateway</title></head>
<body>
<center><h1>502 Bad Gateway</h1></center>
<hr><center>openresty</center>
</body>
</html>
<!-- a padding to disable MSIE and Chrome friendly error page -->
<!-- a padding to disable MSIE and Chrome friendly error page -->
<!-- a padding to disable MSIE and Chrome friendly error page -->
<!-- a padding to disable MSIE and Chrome friendly error page -->
<!-- a padding to disable MSIE and Chrome friendly error page -->
<!-- a padding to disable MSIE and Chrome friendly error page -->
: Status code '502' @ https://r2.jjagd.net/_framework/blazor.web.qcnkhbt5lj.js:0
[12279517ms] [INFO] [2026-04-15T17:41:05.430Z] Information: Normalizing '_blazor' to 'https://r2.jjagd.net/_blazor'. @ https://r2.jjagd.net/_framework/blazor.web.qcnkhbt5lj.js:0
[12279521ms] [ERROR] Failed to load resource: the server responded with a status of 502 () @ https://r2.jjagd.net/_blazor/negotiate?negotiateVersion=1:0
[12279521ms] [ERROR] [2026-04-15T17:41:05.435Z] Error: Failed to complete negotiation with the server: Error: <html>
<head><title>502 Bad Gateway</title></head>
<body>
<center><h1>502 Bad Gateway</h1></center>
<hr><center>openresty</center>
</body>
</html>
<!-- a padding to disable MSIE and Chrome friendly error page -->
<!-- a padding to disable MSIE and Chrome friendly error page -->
<!-- a padding to disable MSIE and Chrome friendly error page -->
<!-- a padding to disable MSIE and Chrome friendly error page -->
<!-- a padding to disable MSIE and Chrome friendly error page -->
<!-- a padding to disable MSIE and Chrome friendly error page -->
: Status code '502' @ https://r2.jjagd.net/_framework/blazor.web.qcnkhbt5lj.js:0
[12279521ms] [ERROR] [2026-04-15T17:41:05.435Z] Error: Failed to start the connection: Error: Failed to complete negotiation with the server: Error: <html>
<head><title>502 Bad Gateway</title></head>
<body>
<center><h1>502 Bad Gateway</h1></center>
<hr><center>openresty</center>
</body>
</html>
<!-- a padding to disable MSIE and Chrome friendly error page -->
<!-- a padding to disable MSIE and Chrome friendly error page -->
<!-- a padding to disable MSIE and Chrome friendly error page -->
<!-- a padding to disable MSIE and Chrome friendly error page -->
<!-- a padding to disable MSIE and Chrome friendly error page -->
<!-- a padding to disable MSIE and Chrome friendly error page -->
: Status code '502' @ https://r2.jjagd.net/_framework/blazor.web.qcnkhbt5lj.js:0
[12279521ms] [ERROR] [2026-04-15T17:41:05.435Z] Error: Error: Failed to complete negotiation with the server: Error: <html>
<head><title>502 Bad Gateway</title></head>
<body>
<center><h1>502 Bad Gateway</h1></center>
<hr><center>openresty</center>
</body>
</html>
<!-- a padding to disable MSIE and Chrome friendly error page -->
<!-- a padding to disable MSIE and Chrome friendly error page -->
<!-- a padding to disable MSIE and Chrome friendly error page -->
<!-- a padding to disable MSIE and Chrome friendly error page -->
<!-- a padding to disable MSIE and Chrome friendly error page -->
<!-- a padding to disable MSIE and Chrome friendly error page -->
: Status code '502' @ https://r2.jjagd.net/_framework/blazor.web.qcnkhbt5lj.js:0
[12279521ms] [ERROR] [2026-04-15T17:41:05.435Z] Error: Error: Failed to complete negotiation with the server: Error: <html>
<head><title>502 Bad Gateway</title></head>
<body>
<center><h1>502 Bad Gateway</h1></center>
<hr><center>openresty</center>
</body>
</html>
<!-- a padding to disable MSIE and Chrome friendly error page -->
<!-- a padding to disable MSIE and Chrome friendly error page -->
<!-- a padding to disable MSIE and Chrome friendly error page -->
<!-- a padding to disable MSIE and Chrome friendly error page -->
<!-- a padding to disable MSIE and Chrome friendly error page -->
<!-- a padding to disable MSIE and Chrome friendly error page -->
: Status code '502' @ https://r2.jjagd.net/_framework/blazor.web.qcnkhbt5lj.js:0
[12279522ms] [INFO] [2026-04-15T17:41:05.435Z] Information: Normalizing '_blazor' to 'https://r2.jjagd.net/_blazor'. @ https://r2.jjagd.net/_framework/blazor.web.qcnkhbt5lj.js:0
[12279526ms] [ERROR] Failed to load resource: the server responded with a status of 502 () @ https://r2.jjagd.net/_blazor/negotiate?negotiateVersion=1:0
[12279526ms] [ERROR] [2026-04-15T17:41:05.439Z] Error: Failed to complete negotiation with the server: Error: <html>
<head><title>502 Bad Gateway</title></head>
<body>
<center><h1>502 Bad Gateway</h1></center>
<hr><center>openresty</center>
</body>
</html>
<!-- a padding to disable MSIE and Chrome friendly error page -->
<!-- a padding to disable MSIE and Chrome friendly error page -->
<!-- a padding to disable MSIE and Chrome friendly error page -->
<!-- a padding to disable MSIE and Chrome friendly error page -->
<!-- a padding to disable MSIE and Chrome friendly error page -->
<!-- a padding to disable MSIE and Chrome friendly error page -->
: Status code '502' @ https://r2.jjagd.net/_framework/blazor.web.qcnkhbt5lj.js:0
[12279526ms] [ERROR] [2026-04-15T17:41:05.439Z] Error: Failed to start the connection: Error: Failed to complete negotiation with the server: Error: <html>
<head><title>502 Bad Gateway</title></head>
<body>
<center><h1>502 Bad Gateway</h1></center>
<hr><center>openresty</center>
</body>
</html>
<!-- a padding to disable MSIE and Chrome friendly error page -->
<!-- a padding to disable MSIE and Chrome friendly error page -->
<!-- a padding to disable MSIE and Chrome friendly error page -->
<!-- a padding to disable MSIE and Chrome friendly error page -->
<!-- a padding to disable MSIE and Chrome friendly error page -->
<!-- a padding to disable MSIE and Chrome friendly error page -->
: Status code '502' @ https://r2.jjagd.net/_framework/blazor.web.qcnkhbt5lj.js:0
[12279526ms] [ERROR] [2026-04-15T17:41:05.439Z] Error: Error: Failed to complete negotiation with the server: Error: <html>
<head><title>502 Bad Gateway</title></head>
<body>
<center><h1>502 Bad Gateway</h1></center>
<hr><center>openresty</center>
</body>
</html>
<!-- a padding to disable MSIE and Chrome friendly error page -->
<!-- a padding to disable MSIE and Chrome friendly error page -->
<!-- a padding to disable MSIE and Chrome friendly error page -->
<!-- a padding to disable MSIE and Chrome friendly error page -->
<!-- a padding to disable MSIE and Chrome friendly error page -->
<!-- a padding to disable MSIE and Chrome friendly error page -->
: Status code '502' @ https://r2.jjagd.net/_framework/blazor.web.qcnkhbt5lj.js:0
[12279526ms] [ERROR] [2026-04-15T17:41:05.439Z] Error: Error: Failed to complete negotiation with the server: Error: <html>
<head><title>502 Bad Gateway</title></head>
<body>
<center><h1>502 Bad Gateway</h1></center>
<hr><center>openresty</center>
</body>
</html>
<!-- a padding to disable MSIE and Chrome friendly error page -->
<!-- a padding to disable MSIE and Chrome friendly error page -->
<!-- a padding to disable MSIE and Chrome friendly error page -->
<!-- a padding to disable MSIE and Chrome friendly error page -->
<!-- a padding to disable MSIE and Chrome friendly error page -->
<!-- a padding to disable MSIE and Chrome friendly error page -->
: Status code '502' @ https://r2.jjagd.net/_framework/blazor.web.qcnkhbt5lj.js:0
[12279526ms] [INFO] [2026-04-15T17:41:05.440Z] Information: Normalizing '_blazor' to 'https://r2.jjagd.net/_blazor'. @ https://r2.jjagd.net/_framework/blazor.web.qcnkhbt5lj.js:0
[12279530ms] [ERROR] Failed to load resource: the server responded with a status of 502 () @ https://r2.jjagd.net/_blazor/negotiate?negotiateVersion=1:0
[12279530ms] [ERROR] [2026-04-15T17:41:05.444Z] Error: Failed to complete negotiation with the server: Error: <html>
<head><title>502 Bad Gateway</title></head>
<body>
<center><h1>502 Bad Gateway</h1></center>
<hr><center>openresty</center>
</body>
</html>
<!-- a padding to disable MSIE and Chrome friendly error page -->
<!-- a padding to disable MSIE and Chrome friendly error page -->
<!-- a padding to disable MSIE and Chrome friendly error page -->
<!-- a padding to disable MSIE and Chrome friendly error page -->
<!-- a padding to disable MSIE and Chrome friendly error page -->
<!-- a padding to disable MSIE and Chrome friendly error page -->
: Status code '502' @ https://r2.jjagd.net/_framework/blazor.web.qcnkhbt5lj.js:0
[12279530ms] [ERROR] [2026-04-15T17:41:05.444Z] Error: Failed to start the connection: Error: Failed to complete negotiation with the server: Error: <html>
<head><title>502 Bad Gateway</title></head>
<body>
<center><h1>502 Bad Gateway</h1></center>
<hr><center>openresty</center>
</body>
</html>
<!-- a padding to disable MSIE and Chrome friendly error page -->
<!-- a padding to disable MSIE and Chrome friendly error page -->
<!-- a padding to disable MSIE and Chrome friendly error page -->
<!-- a padding to disable MSIE and Chrome friendly error page -->
<!-- a padding to disable MSIE and Chrome friendly error page -->
<!-- a padding to disable MSIE and Chrome friendly error page -->
: Status code '502' @ https://r2.jjagd.net/_framework/blazor.web.qcnkhbt5lj.js:0
[12279530ms] [ERROR] [2026-04-15T17:41:05.444Z] Error: Error: Failed to complete negotiation with the server: Error: <html>
<head><title>502 Bad Gateway</title></head>
<body>
<center><h1>502 Bad Gateway</h1></center>
<hr><center>openresty</center>
</body>
</html>
<!-- a padding to disable MSIE and Chrome friendly error page -->
<!-- a padding to disable MSIE and Chrome friendly error page -->
<!-- a padding to disable MSIE and Chrome friendly error page -->
<!-- a padding to disable MSIE and Chrome friendly error page -->
<!-- a padding to disable MSIE and Chrome friendly error page -->
<!-- a padding to disable MSIE and Chrome friendly error page -->
: Status code '502' @ https://r2.jjagd.net/_framework/blazor.web.qcnkhbt5lj.js:0
[12279530ms] [ERROR] [2026-04-15T17:41:05.444Z] Error: Error: Failed to complete negotiation with the server: Error: <html>
<head><title>502 Bad Gateway</title></head>
<body>
<center><h1>502 Bad Gateway</h1></center>
<hr><center>openresty</center>
</body>
</html>
<!-- a padding to disable MSIE and Chrome friendly error page -->
<!-- a padding to disable MSIE and Chrome friendly error page -->
<!-- a padding to disable MSIE and Chrome friendly error page -->
<!-- a padding to disable MSIE and Chrome friendly error page -->
<!-- a padding to disable MSIE and Chrome friendly error page -->
<!-- a padding to disable MSIE and Chrome friendly error page -->
: Status code '502' @ https://r2.jjagd.net/_framework/blazor.web.qcnkhbt5lj.js:0
[12279530ms] [INFO] [2026-04-15T17:41:05.444Z] Information: Normalizing '_blazor' to 'https://r2.jjagd.net/_blazor'. @ https://r2.jjagd.net/_framework/blazor.web.qcnkhbt5lj.js:0
[12279534ms] [ERROR] Failed to load resource: the server responded with a status of 502 () @ https://r2.jjagd.net/_blazor/negotiate?negotiateVersion=1:0
[12279534ms] [ERROR] [2026-04-15T17:41:05.448Z] Error: Failed to complete negotiation with the server: Error: <html>
<head><title>502 Bad Gateway</title></head>
<body>
<center><h1>502 Bad Gateway</h1></center>
<hr><center>openresty</center>
</body>
</html>
<!-- a padding to disable MSIE and Chrome friendly error page -->
<!-- a padding to disable MSIE and Chrome friendly error page -->
<!-- a padding to disable MSIE and Chrome friendly error page -->
<!-- a padding to disable MSIE and Chrome friendly error page -->
<!-- a padding to disable MSIE and Chrome friendly error page -->
<!-- a padding to disable MSIE and Chrome friendly error page -->
: Status code '502' @ https://r2.jjagd.net/_framework/blazor.web.qcnkhbt5lj.js:0
[12279534ms] [ERROR] [2026-04-15T17:41:05.448Z] Error: Failed to start the connection: Error: Failed to complete negotiation with the server: Error: <html>
<head><title>502 Bad Gateway</title></head>
<body>
<center><h1>502 Bad Gateway</h1></center>
<hr><center>openresty</center>
</body>
</html>
<!-- a padding to disable MSIE and Chrome friendly error page -->
<!-- a padding to disable MSIE and Chrome friendly error page -->
<!-- a padding to disable MSIE and Chrome friendly error page -->
<!-- a padding to disable MSIE and Chrome friendly error page -->
<!-- a padding to disable MSIE and Chrome friendly error page -->
<!-- a padding to disable MSIE and Chrome friendly error page -->
: Status code '502' @ https://r2.jjagd.net/_framework/blazor.web.qcnkhbt5lj.js:0
[12279535ms] [ERROR] [2026-04-15T17:41:05.448Z] Error: Error: Failed to complete negotiation with the server: Error: <html>
<head><title>502 Bad Gateway</title></head>
<body>
<center><h1>502 Bad Gateway</h1></center>
<hr><center>openresty</center>
</body>
</html>
<!-- a padding to disable MSIE and Chrome friendly error page -->
<!-- a padding to disable MSIE and Chrome friendly error page -->
<!-- a padding to disable MSIE and Chrome friendly error page -->
<!-- a padding to disable MSIE and Chrome friendly error page -->
<!-- a padding to disable MSIE and Chrome friendly error page -->
<!-- a padding to disable MSIE and Chrome friendly error page -->
: Status code '502' @ https://r2.jjagd.net/_framework/blazor.web.qcnkhbt5lj.js:0
[12279535ms] [ERROR] [2026-04-15T17:41:05.448Z] Error: Error: Failed to complete negotiation with the server: Error: <html>
<head><title>502 Bad Gateway</title></head>
<body>
<center><h1>502 Bad Gateway</h1></center>
<hr><center>openresty</center>
</body>
</html>
<!-- a padding to disable MSIE and Chrome friendly error page -->
<!-- a padding to disable MSIE and Chrome friendly error page -->
<!-- a padding to disable MSIE and Chrome friendly error page -->
<!-- a padding to disable MSIE and Chrome friendly error page -->
<!-- a padding to disable MSIE and Chrome friendly error page -->
<!-- a padding to disable MSIE and Chrome friendly error page -->
: Status code '502' @ https://r2.jjagd.net/_framework/blazor.web.qcnkhbt5lj.js:0
[12279535ms] [INFO] [2026-04-15T17:41:05.448Z] Information: Normalizing '_blazor' to 'https://r2.jjagd.net/_blazor'. @ https://r2.jjagd.net/_framework/blazor.web.qcnkhbt5lj.js:0
[12279539ms] [ERROR] Failed to load resource: the server responded with a status of 502 () @ https://r2.jjagd.net/_blazor/negotiate?negotiateVersion=1:0
[12279539ms] [ERROR] [2026-04-15T17:41:05.453Z] Error: Failed to complete negotiation with the server: Error: <html>
<head><title>502 Bad Gateway</title></head>
<body>
<center><h1>502 Bad Gateway</h1></center>
<hr><center>openresty</center>
</body>
</html>
<!-- a padding to disable MSIE and Chrome friendly error page -->
<!-- a padding to disable MSIE and Chrome friendly error page -->
<!-- a padding to disable MSIE and Chrome friendly error page -->
<!-- a padding to disable MSIE and Chrome friendly error page -->
<!-- a padding to disable MSIE and Chrome friendly error page -->
<!-- a padding to disable MSIE and Chrome friendly error page -->
: Status code '502' @ https://r2.jjagd.net/_framework/blazor.web.qcnkhbt5lj.js:0
[12279539ms] [ERROR] [2026-04-15T17:41:05.453Z] Error: Failed to start the connection: Error: Failed to complete negotiation with the server: Error: <html>
<head><title>502 Bad Gateway</title></head>
<body>
<center><h1>502 Bad Gateway</h1></center>
<hr><center>openresty</center>
</body>
</html>
<!-- a padding to disable MSIE and Chrome friendly error page -->
<!-- a padding to disable MSIE and Chrome friendly error page -->
<!-- a padding to disable MSIE and Chrome friendly error page -->
<!-- a padding to disable MSIE and Chrome friendly error page -->
<!-- a padding to disable MSIE and Chrome friendly error page -->
<!-- a padding to disable MSIE and Chrome friendly error page -->
: Status code '502' @ https://r2.jjagd.net/_framework/blazor.web.qcnkhbt5lj.js:0
[12279539ms] [ERROR] [2026-04-15T17:41:05.453Z] Error: Error: Failed to complete negotiation with the server: Error: <html>
<head><title>502 Bad Gateway</title></head>
<body>
<center><h1>502 Bad Gateway</h1></center>
<hr><center>openresty</center>
</body>
</html>
<!-- a padding to disable MSIE and Chrome friendly error page -->
<!-- a padding to disable MSIE and Chrome friendly error page -->
<!-- a padding to disable MSIE and Chrome friendly error page -->
<!-- a padding to disable MSIE and Chrome friendly error page -->
<!-- a padding to disable MSIE and Chrome friendly error page -->
<!-- a padding to disable MSIE and Chrome friendly error page -->
: Status code '502' @ https://r2.jjagd.net/_framework/blazor.web.qcnkhbt5lj.js:0
[12279539ms] [ERROR] [2026-04-15T17:41:05.453Z] Error: Error: Failed to complete negotiation with the server: Error: <html>
<head><title>502 Bad Gateway</title></head>
<body>
<center><h1>502 Bad Gateway</h1></center>
<hr><center>openresty</center>
</body>
</html>
<!-- a padding to disable MSIE and Chrome friendly error page -->
<!-- a padding to disable MSIE and Chrome friendly error page -->
<!-- a padding to disable MSIE and Chrome friendly error page -->
<!-- a padding to disable MSIE and Chrome friendly error page -->
<!-- a padding to disable MSIE and Chrome friendly error page -->
<!-- a padding to disable MSIE and Chrome friendly error page -->
: Status code '502' @ https://r2.jjagd.net/_framework/blazor.web.qcnkhbt5lj.js:0
[12284543ms] [INFO] [2026-04-15T17:41:10.457Z] Information: Normalizing '_blazor' to 'https://r2.jjagd.net/_blazor'. @ https://r2.jjagd.net/_framework/blazor.web.qcnkhbt5lj.js:0
[12284546ms] [ERROR] Failed to load resource: the server responded with a status of 502 () @ https://r2.jjagd.net/_blazor/negotiate?negotiateVersion=1:0
[12284547ms] [ERROR] [2026-04-15T17:41:10.460Z] Error: Failed to complete negotiation with the server: Error: <html>
<head><title>502 Bad Gateway</title></head>
<body>
<center><h1>502 Bad Gateway</h1></center>
<hr><center>openresty</center>
</body>
</html>
<!-- a padding to disable MSIE and Chrome friendly error page -->
<!-- a padding to disable MSIE and Chrome friendly error page -->
<!-- a padding to disable MSIE and Chrome friendly error page -->
<!-- a padding to disable MSIE and Chrome friendly error page -->
<!-- a padding to disable MSIE and Chrome friendly error page -->
<!-- a padding to disable MSIE and Chrome friendly error page -->
: Status code '502' @ https://r2.jjagd.net/_framework/blazor.web.qcnkhbt5lj.js:0
[12284547ms] [ERROR] [2026-04-15T17:41:10.460Z] Error: Failed to start the connection: Error: Failed to complete negotiation with the server: Error: <html>
<head><title>502 Bad Gateway</title></head>
<body>
<center><h1>502 Bad Gateway</h1></center>
<hr><center>openresty</center>
</body>
</html>
<!-- a padding to disable MSIE and Chrome friendly error page -->
<!-- a padding to disable MSIE and Chrome friendly error page -->
<!-- a padding to disable MSIE and Chrome friendly error page -->
<!-- a padding to disable MSIE and Chrome friendly error page -->
<!-- a padding to disable MSIE and Chrome friendly error page -->
<!-- a padding to disable MSIE and Chrome friendly error page -->
: Status code '502' @ https://r2.jjagd.net/_framework/blazor.web.qcnkhbt5lj.js:0
[12284547ms] [ERROR] [2026-04-15T17:41:10.460Z] Error: Error: Failed to complete negotiation with the server: Error: <html>
<head><title>502 Bad Gateway</title></head>
<body>
<center><h1>502 Bad Gateway</h1></center>
<hr><center>openresty</center>
</body>
</html>
<!-- a padding to disable MSIE and Chrome friendly error page -->
<!-- a padding to disable MSIE and Chrome friendly error page -->
<!-- a padding to disable MSIE and Chrome friendly error page -->
<!-- a padding to disable MSIE and Chrome friendly error page -->
<!-- a padding to disable MSIE and Chrome friendly error page -->
<!-- a padding to disable MSIE and Chrome friendly error page -->
: Status code '502' @ https://r2.jjagd.net/_framework/blazor.web.qcnkhbt5lj.js:0
[12284547ms] [ERROR] [2026-04-15T17:41:10.460Z] Error: Error: Failed to complete negotiation with the server: Error: <html>
<head><title>502 Bad Gateway</title></head>
<body>
<center><h1>502 Bad Gateway</h1></center>
<hr><center>openresty</center>
</body>
</html>
<!-- a padding to disable MSIE and Chrome friendly error page -->
<!-- a padding to disable MSIE and Chrome friendly error page -->
<!-- a padding to disable MSIE and Chrome friendly error page -->
<!-- a padding to disable MSIE and Chrome friendly error page -->
<!-- a padding to disable MSIE and Chrome friendly error page -->
<!-- a padding to disable MSIE and Chrome friendly error page -->
: Status code '502' @ https://r2.jjagd.net/_framework/blazor.web.qcnkhbt5lj.js:0
[12289549ms] [INFO] [2026-04-15T17:41:15.463Z] Information: Normalizing '_blazor' to 'https://r2.jjagd.net/_blazor'. @ https://r2.jjagd.net/_framework/blazor.web.qcnkhbt5lj.js:0
[12289553ms] [ERROR] Failed to load resource: the server responded with a status of 502 () @ https://r2.jjagd.net/_blazor/negotiate?negotiateVersion=1:0
[12289554ms] [ERROR] [2026-04-15T17:41:15.467Z] Error: Failed to complete negotiation with the server: Error: <html>
<head><title>502 Bad Gateway</title></head>
<body>
<center><h1>502 Bad Gateway</h1></center>
<hr><center>openresty</center>
</body>
</html>
<!-- a padding to disable MSIE and Chrome friendly error page -->
<!-- a padding to disable MSIE and Chrome friendly error page -->
<!-- a padding to disable MSIE and Chrome friendly error page -->
<!-- a padding to disable MSIE and Chrome friendly error page -->
<!-- a padding to disable MSIE and Chrome friendly error page -->
<!-- a padding to disable MSIE and Chrome friendly error page -->
: Status code '502' @ https://r2.jjagd.net/_framework/blazor.web.qcnkhbt5lj.js:0
[12289554ms] [ERROR] [2026-04-15T17:41:15.467Z] Error: Failed to start the connection: Error: Failed to complete negotiation with the server: Error: <html>
<head><title>502 Bad Gateway</title></head>
<body>
<center><h1>502 Bad Gateway</h1></center>
<hr><center>openresty</center>
</body>
</html>
<!-- a padding to disable MSIE and Chrome friendly error page -->
<!-- a padding to disable MSIE and Chrome friendly error page -->
<!-- a padding to disable MSIE and Chrome friendly error page -->
<!-- a padding to disable MSIE and Chrome friendly error page -->
<!-- a padding to disable MSIE and Chrome friendly error page -->
<!-- a padding to disable MSIE and Chrome friendly error page -->
: Status code '502' @ https://r2.jjagd.net/_framework/blazor.web.qcnkhbt5lj.js:0
[12289554ms] [ERROR] [2026-04-15T17:41:15.467Z] Error: Error: Failed to complete negotiation with the server: Error: <html>
<head><title>502 Bad Gateway</title></head>
<body>
<center><h1>502 Bad Gateway</h1></center>
<hr><center>openresty</center>
</body>
</html>
<!-- a padding to disable MSIE and Chrome friendly error page -->
<!-- a padding to disable MSIE and Chrome friendly error page -->
<!-- a padding to disable MSIE and Chrome friendly error page -->
<!-- a padding to disable MSIE and Chrome friendly error page -->
<!-- a padding to disable MSIE and Chrome friendly error page -->
<!-- a padding to disable MSIE and Chrome friendly error page -->
: Status code '502' @ https://r2.jjagd.net/_framework/blazor.web.qcnkhbt5lj.js:0
[12289554ms] [ERROR] [2026-04-15T17:41:15.467Z] Error: Error: Failed to complete negotiation with the server: Error: <html>
<head><title>502 Bad Gateway</title></head>
<body>
<center><h1>502 Bad Gateway</h1></center>
<hr><center>openresty</center>
</body>
</html>
<!-- a padding to disable MSIE and Chrome friendly error page -->
<!-- a padding to disable MSIE and Chrome friendly error page -->
<!-- a padding to disable MSIE and Chrome friendly error page -->
<!-- a padding to disable MSIE and Chrome friendly error page -->
<!-- a padding to disable MSIE and Chrome friendly error page -->
<!-- a padding to disable MSIE and Chrome friendly error page -->
: Status code '502' @ https://r2.jjagd.net/_framework/blazor.web.qcnkhbt5lj.js:0
[12294557ms] [INFO] [2026-04-15T17:41:20.471Z] Information: Normalizing '_blazor' to 'https://r2.jjagd.net/_blazor'. @ https://r2.jjagd.net/_framework/blazor.web.qcnkhbt5lj.js:0
[12294894ms] [ERROR] Failed to load resource: net::ERR_SSL_UNRECOGNIZED_NAME_ALERT @ https://r2.jjagd.net/_blazor/negotiate?negotiateVersion=1:0
[12294894ms] [WARNING] [2026-04-15T17:41:20.807Z] Warning: Error from HTTP request. TypeError: Failed to fetch. @ https://r2.jjagd.net/_framework/blazor.web.qcnkhbt5lj.js:0
[12294894ms] [ERROR] [2026-04-15T17:41:20.807Z] Error: Failed to complete negotiation with the server: TypeError: Failed to fetch @ https://r2.jjagd.net/_framework/blazor.web.qcnkhbt5lj.js:0
[12294894ms] [ERROR] [2026-04-15T17:41:20.807Z] Error: Failed to start the connection: Error: Failed to complete negotiation with the server: TypeError: Failed to fetch @ https://r2.jjagd.net/_framework/blazor.web.qcnkhbt5lj.js:0
[12294894ms] [ERROR] [2026-04-15T17:41:20.808Z] Error: Error: Failed to complete negotiation with the server: TypeError: Failed to fetch @ https://r2.jjagd.net/_framework/blazor.web.qcnkhbt5lj.js:0
[12294894ms] [ERROR] [2026-04-15T17:41:20.808Z] Error: Error: Failed to complete negotiation with the server: TypeError: Failed to fetch @ https://r2.jjagd.net/_framework/blazor.web.qcnkhbt5lj.js:0
[12299899ms] [INFO] [2026-04-15T17:41:25.813Z] Information: Normalizing '_blazor' to 'https://r2.jjagd.net/_blazor'. @ https://r2.jjagd.net/_framework/blazor.web.qcnkhbt5lj.js:0
[12300243ms] [ERROR] Failed to load resource: net::ERR_SSL_UNRECOGNIZED_NAME_ALERT @ https://r2.jjagd.net/_blazor/negotiate?negotiateVersion=1:0
[12300243ms] [WARNING] [2026-04-15T17:41:26.157Z] Warning: Error from HTTP request. TypeError: Failed to fetch. @ https://r2.jjagd.net/_framework/blazor.web.qcnkhbt5lj.js:0
[12300243ms] [ERROR] [2026-04-15T17:41:26.157Z] Error: Failed to complete negotiation with the server: TypeError: Failed to fetch @ https://r2.jjagd.net/_framework/blazor.web.qcnkhbt5lj.js:0
[12300243ms] [ERROR] [2026-04-15T17:41:26.157Z] Error: Failed to start the connection: Error: Failed to complete negotiation with the server: TypeError: Failed to fetch @ https://r2.jjagd.net/_framework/blazor.web.qcnkhbt5lj.js:0
[12300243ms] [ERROR] [2026-04-15T17:41:26.157Z] Error: Error: Failed to complete negotiation with the server: TypeError: Failed to fetch @ https://r2.jjagd.net/_framework/blazor.web.qcnkhbt5lj.js:0
[12300243ms] [ERROR] [2026-04-15T17:41:26.157Z] Error: Error: Failed to complete negotiation with the server: TypeError: Failed to fetch @ https://r2.jjagd.net/_framework/blazor.web.qcnkhbt5lj.js:0
[12305246ms] [INFO] [2026-04-15T17:41:31.160Z] Information: Normalizing '_blazor' to 'https://r2.jjagd.net/_blazor'. @ https://r2.jjagd.net/_framework/blazor.web.qcnkhbt5lj.js:0
[12305622ms] [ERROR] Failed to load resource: net::ERR_SSL_UNRECOGNIZED_NAME_ALERT @ https://r2.jjagd.net/_blazor/negotiate?negotiateVersion=1:0
[12305622ms] [WARNING] [2026-04-15T17:41:31.536Z] Warning: Error from HTTP request. TypeError: Failed to fetch. @ https://r2.jjagd.net/_framework/blazor.web.qcnkhbt5lj.js:0
[12305622ms] [ERROR] [2026-04-15T17:41:31.536Z] Error: Failed to complete negotiation with the server: TypeError: Failed to fetch @ https://r2.jjagd.net/_framework/blazor.web.qcnkhbt5lj.js:0
[12305622ms] [ERROR] [2026-04-15T17:41:31.536Z] Error: Failed to start the connection: Error: Failed to complete negotiation with the server: TypeError: Failed to fetch @ https://r2.jjagd.net/_framework/blazor.web.qcnkhbt5lj.js:0
[12305623ms] [ERROR] [2026-04-15T17:41:31.536Z] Error: Error: Failed to complete negotiation with the server: TypeError: Failed to fetch @ https://r2.jjagd.net/_framework/blazor.web.qcnkhbt5lj.js:0
[12305623ms] [ERROR] [2026-04-15T17:41:31.536Z] Error: Error: Failed to complete negotiation with the server: TypeError: Failed to fetch @ https://r2.jjagd.net/_framework/blazor.web.qcnkhbt5lj.js:0
[12310625ms] [INFO] [2026-04-15T17:41:36.538Z] Information: Normalizing '_blazor' to 'https://r2.jjagd.net/_blazor'. @ https://r2.jjagd.net/_framework/blazor.web.qcnkhbt5lj.js:0
[12310959ms] [ERROR] Failed to load resource: the server responded with a status of 502 () @ https://r2.jjagd.net/_blazor/negotiate?negotiateVersion=1:0
[12310959ms] [ERROR] [2026-04-15T17:41:36.873Z] Error: Failed to complete negotiation with the server: Error: <html>
<head><title>502 Bad Gateway</title></head>
<body>
<center><h1>502 Bad Gateway</h1></center>
<hr><center>openresty</center>
</body>
</html>
<!-- a padding to disable MSIE and Chrome friendly error page -->
<!-- a padding to disable MSIE and Chrome friendly error page -->
<!-- a padding to disable MSIE and Chrome friendly error page -->
<!-- a padding to disable MSIE and Chrome friendly error page -->
<!-- a padding to disable MSIE and Chrome friendly error page -->
<!-- a padding to disable MSIE and Chrome friendly error page -->
: Status code '502' @ https://r2.jjagd.net/_framework/blazor.web.qcnkhbt5lj.js:0
[12310959ms] [ERROR] [2026-04-15T17:41:36.873Z] Error: Failed to start the connection: Error: Failed to complete negotiation with the server: Error: <html>
<head><title>502 Bad Gateway</title></head>
<body>
<center><h1>502 Bad Gateway</h1></center>
<hr><center>openresty</center>
</body>
</html>
<!-- a padding to disable MSIE and Chrome friendly error page -->
<!-- a padding to disable MSIE and Chrome friendly error page -->
<!-- a padding to disable MSIE and Chrome friendly error page -->
<!-- a padding to disable MSIE and Chrome friendly error page -->
<!-- a padding to disable MSIE and Chrome friendly error page -->
<!-- a padding to disable MSIE and Chrome friendly error page -->
: Status code '502' @ https://r2.jjagd.net/_framework/blazor.web.qcnkhbt5lj.js:0
[12310959ms] [ERROR] [2026-04-15T17:41:36.873Z] Error: Error: Failed to complete negotiation with the server: Error: <html>
<head><title>502 Bad Gateway</title></head>
<body>
<center><h1>502 Bad Gateway</h1></center>
<hr><center>openresty</center>
</body>
</html>
<!-- a padding to disable MSIE and Chrome friendly error page -->
<!-- a padding to disable MSIE and Chrome friendly error page -->
<!-- a padding to disable MSIE and Chrome friendly error page -->
<!-- a padding to disable MSIE and Chrome friendly error page -->
<!-- a padding to disable MSIE and Chrome friendly error page -->
<!-- a padding to disable MSIE and Chrome friendly error page -->
: Status code '502' @ https://r2.jjagd.net/_framework/blazor.web.qcnkhbt5lj.js:0
[12310959ms] [ERROR] [2026-04-15T17:41:36.873Z] Error: Error: Failed to complete negotiation with the server: Error: <html>
<head><title>502 Bad Gateway</title></head>
<body>
<center><h1>502 Bad Gateway</h1></center>
<hr><center>openresty</center>
</body>
</html>
<!-- a padding to disable MSIE and Chrome friendly error page -->
<!-- a padding to disable MSIE and Chrome friendly error page -->
<!-- a padding to disable MSIE and Chrome friendly error page -->
<!-- a padding to disable MSIE and Chrome friendly error page -->
<!-- a padding to disable MSIE and Chrome friendly error page -->
<!-- a padding to disable MSIE and Chrome friendly error page -->
: Status code '502' @ https://r2.jjagd.net/_framework/blazor.web.qcnkhbt5lj.js:0
[12315962ms] [INFO] [2026-04-15T17:41:41.876Z] Information: Normalizing '_blazor' to 'https://r2.jjagd.net/_blazor'. @ https://r2.jjagd.net/_framework/blazor.web.qcnkhbt5lj.js:0
[12316572ms] [INFO] [2026-04-15T17:41:42.486Z] Information: WebSocket connected to wss://r2.jjagd.net/_blazor?id=C-OSscE1jY48Y3Aot-QySg. @ https://r2.jjagd.net/_framework/blazor.web.qcnkhbt5lj.js:0
[12317042ms] [INFO] [2026-04-15T17:41:42.956Z] Information: Normalizing '_blazor' to 'https://r2.jjagd.net/_blazor'. @ https://r2.jjagd.net/_framework/blazor.web.qcnkhbt5lj.js:0
[12317424ms] [INFO] [2026-04-15T17:41:43.337Z] Information: WebSocket connected to wss://r2.jjagd.net/_blazor?id=FeEUuqDB0WGkSDQuYIIyYg. @ https://r2.jjagd.net/_framework/blazor.web.qcnkhbt5lj.js:0
[22803726ms] [ERROR] [2026-04-15T20:36:29.636Z] Error: Connection disconnected with error 'Error: WebSocket closed with status code: 1006 (no reason given).'. @ https://r2.jjagd.net/_framework/blazor.web.qcnkhbt5lj.js:0
[22803790ms] [INFO] [2026-04-15T20:36:29.704Z] Information: Normalizing '_blazor' to 'https://r2.jjagd.net/_blazor'. @ https://r2.jjagd.net/_framework/blazor.web.qcnkhbt5lj.js:0
[22804063ms] [ERROR] Failed to load resource: the server responded with a status of 502 () @ https://r2.jjagd.net/_blazor/negotiate?negotiateVersion=1:0
[22804064ms] [ERROR] [2026-04-15T20:36:29.978Z] Error: Failed to complete negotiation with the server: Error: <html>
<head><title>502 Bad Gateway</title></head>
<body>
<center><h1>502 Bad Gateway</h1></center>
<hr><center>openresty</center>
</body>
</html>
<!-- a padding to disable MSIE and Chrome friendly error page -->
<!-- a padding to disable MSIE and Chrome friendly error page -->
<!-- a padding to disable MSIE and Chrome friendly error page -->
<!-- a padding to disable MSIE and Chrome friendly error page -->
<!-- a padding to disable MSIE and Chrome friendly error page -->
<!-- a padding to disable MSIE and Chrome friendly error page -->
: Status code '502' @ https://r2.jjagd.net/_framework/blazor.web.qcnkhbt5lj.js:0
[22804064ms] [ERROR] [2026-04-15T20:36:29.978Z] Error: Failed to start the connection: Error: Failed to complete negotiation with the server: Error: <html>
<head><title>502 Bad Gateway</title></head>
<body>
<center><h1>502 Bad Gateway</h1></center>
<hr><center>openresty</center>
</body>
</html>
<!-- a padding to disable MSIE and Chrome friendly error page -->
<!-- a padding to disable MSIE and Chrome friendly error page -->
<!-- a padding to disable MSIE and Chrome friendly error page -->
<!-- a padding to disable MSIE and Chrome friendly error page -->
<!-- a padding to disable MSIE and Chrome friendly error page -->
<!-- a padding to disable MSIE and Chrome friendly error page -->
: Status code '502' @ https://r2.jjagd.net/_framework/blazor.web.qcnkhbt5lj.js:0
[22804064ms] [ERROR] [2026-04-15T20:36:29.978Z] Error: Error: Failed to complete negotiation with the server: Error: <html>
<head><title>502 Bad Gateway</title></head>
<body>
<center><h1>502 Bad Gateway</h1></center>
<hr><center>openresty</center>
</body>
</html>
<!-- a padding to disable MSIE and Chrome friendly error page -->
<!-- a padding to disable MSIE and Chrome friendly error page -->
<!-- a padding to disable MSIE and Chrome friendly error page -->
<!-- a padding to disable MSIE and Chrome friendly error page -->
<!-- a padding to disable MSIE and Chrome friendly error page -->
<!-- a padding to disable MSIE and Chrome friendly error page -->
: Status code '502' @ https://r2.jjagd.net/_framework/blazor.web.qcnkhbt5lj.js:0
[22804064ms] [ERROR] [2026-04-15T20:36:29.978Z] Error: Error: Failed to complete negotiation with the server: Error: <html>
<head><title>502 Bad Gateway</title></head>
<body>
<center><h1>502 Bad Gateway</h1></center>
<hr><center>openresty</center>
</body>
</html>
<!-- a padding to disable MSIE and Chrome friendly error page -->
<!-- a padding to disable MSIE and Chrome friendly error page -->
<!-- a padding to disable MSIE and Chrome friendly error page -->
<!-- a padding to disable MSIE and Chrome friendly error page -->
<!-- a padding to disable MSIE and Chrome friendly error page -->
<!-- a padding to disable MSIE and Chrome friendly error page -->
: Status code '502' @ https://r2.jjagd.net/_framework/blazor.web.qcnkhbt5lj.js:0
[22804065ms] [INFO] [2026-04-15T20:36:29.978Z] Information: Normalizing '_blazor' to 'https://r2.jjagd.net/_blazor'. @ https://r2.jjagd.net/_framework/blazor.web.qcnkhbt5lj.js:0
[22804067ms] [ERROR] Failed to load resource: the server responded with a status of 502 () @ https://r2.jjagd.net/_blazor/negotiate?negotiateVersion=1:0
[22804067ms] [ERROR] [2026-04-15T20:36:29.981Z] Error: Failed to complete negotiation with the server: Error: <html>
<head><title>502 Bad Gateway</title></head>
<body>
<center><h1>502 Bad Gateway</h1></center>
<hr><center>openresty</center>
</body>
</html>
<!-- a padding to disable MSIE and Chrome friendly error page -->
<!-- a padding to disable MSIE and Chrome friendly error page -->
<!-- a padding to disable MSIE and Chrome friendly error page -->
<!-- a padding to disable MSIE and Chrome friendly error page -->
<!-- a padding to disable MSIE and Chrome friendly error page -->
<!-- a padding to disable MSIE and Chrome friendly error page -->
: Status code '502' @ https://r2.jjagd.net/_framework/blazor.web.qcnkhbt5lj.js:0
[22804067ms] [ERROR] [2026-04-15T20:36:29.981Z] Error: Failed to start the connection: Error: Failed to complete negotiation with the server: Error: <html>
<head><title>502 Bad Gateway</title></head>
<body>
<center><h1>502 Bad Gateway</h1></center>
<hr><center>openresty</center>
</body>
</html>
<!-- a padding to disable MSIE and Chrome friendly error page -->
<!-- a padding to disable MSIE and Chrome friendly error page -->
<!-- a padding to disable MSIE and Chrome friendly error page -->
<!-- a padding to disable MSIE and Chrome friendly error page -->
<!-- a padding to disable MSIE and Chrome friendly error page -->
<!-- a padding to disable MSIE and Chrome friendly error page -->
: Status code '502' @ https://r2.jjagd.net/_framework/blazor.web.qcnkhbt5lj.js:0
[22804067ms] [ERROR] [2026-04-15T20:36:29.981Z] Error: Error: Failed to complete negotiation with the server: Error: <html>
<head><title>502 Bad Gateway</title></head>
<body>
<center><h1>502 Bad Gateway</h1></center>
<hr><center>openresty</center>
</body>
</html>
<!-- a padding to disable MSIE and Chrome friendly error page -->
<!-- a padding to disable MSIE and Chrome friendly error page -->
<!-- a padding to disable MSIE and Chrome friendly error page -->
<!-- a padding to disable MSIE and Chrome friendly error page -->
<!-- a padding to disable MSIE and Chrome friendly error page -->
<!-- a padding to disable MSIE and Chrome friendly error page -->
: Status code '502' @ https://r2.jjagd.net/_framework/blazor.web.qcnkhbt5lj.js:0
[22804067ms] [ERROR] [2026-04-15T20:36:29.981Z] Error: Error: Failed to complete negotiation with the server: Error: <html>
<head><title>502 Bad Gateway</title></head>
<body>
<center><h1>502 Bad Gateway</h1></center>
<hr><center>openresty</center>
</body>
</html>
<!-- a padding to disable MSIE and Chrome friendly error page -->
<!-- a padding to disable MSIE and Chrome friendly error page -->
<!-- a padding to disable MSIE and Chrome friendly error page -->
<!-- a padding to disable MSIE and Chrome friendly error page -->
<!-- a padding to disable MSIE and Chrome friendly error page -->
<!-- a padding to disable MSIE and Chrome friendly error page -->
: Status code '502' @ https://r2.jjagd.net/_framework/blazor.web.qcnkhbt5lj.js:0
[22804067ms] [INFO] [2026-04-15T20:36:29.981Z] Information: Normalizing '_blazor' to 'https://r2.jjagd.net/_blazor'. @ https://r2.jjagd.net/_framework/blazor.web.qcnkhbt5lj.js:0
[22804069ms] [ERROR] Failed to load resource: the server responded with a status of 502 () @ https://r2.jjagd.net/_blazor/negotiate?negotiateVersion=1:0
[22804069ms] [ERROR] [2026-04-15T20:36:29.983Z] Error: Failed to complete negotiation with the server: Error: <html>
<head><title>502 Bad Gateway</title></head>
<body>
<center><h1>502 Bad Gateway</h1></center>
<hr><center>openresty</center>
</body>
</html>
<!-- a padding to disable MSIE and Chrome friendly error page -->
<!-- a padding to disable MSIE and Chrome friendly error page -->
<!-- a padding to disable MSIE and Chrome friendly error page -->
<!-- a padding to disable MSIE and Chrome friendly error page -->
<!-- a padding to disable MSIE and Chrome friendly error page -->
<!-- a padding to disable MSIE and Chrome friendly error page -->
: Status code '502' @ https://r2.jjagd.net/_framework/blazor.web.qcnkhbt5lj.js:0
[22804069ms] [ERROR] [2026-04-15T20:36:29.983Z] Error: Failed to start the connection: Error: Failed to complete negotiation with the server: Error: <html>
<head><title>502 Bad Gateway</title></head>
<body>
<center><h1>502 Bad Gateway</h1></center>
<hr><center>openresty</center>
</body>
</html>
<!-- a padding to disable MSIE and Chrome friendly error page -->
<!-- a padding to disable MSIE and Chrome friendly error page -->
<!-- a padding to disable MSIE and Chrome friendly error page -->
<!-- a padding to disable MSIE and Chrome friendly error page -->
<!-- a padding to disable MSIE and Chrome friendly error page -->
<!-- a padding to disable MSIE and Chrome friendly error page -->
: Status code '502' @ https://r2.jjagd.net/_framework/blazor.web.qcnkhbt5lj.js:0
[22804069ms] [ERROR] [2026-04-15T20:36:29.983Z] Error: Error: Failed to complete negotiation with the server: Error: <html>
<head><title>502 Bad Gateway</title></head>
<body>
<center><h1>502 Bad Gateway</h1></center>
<hr><center>openresty</center>
</body>
</html>
<!-- a padding to disable MSIE and Chrome friendly error page -->
<!-- a padding to disable MSIE and Chrome friendly error page -->
<!-- a padding to disable MSIE and Chrome friendly error page -->
<!-- a padding to disable MSIE and Chrome friendly error page -->
<!-- a padding to disable MSIE and Chrome friendly error page -->
<!-- a padding to disable MSIE and Chrome friendly error page -->
: Status code '502' @ https://r2.jjagd.net/_framework/blazor.web.qcnkhbt5lj.js:0
[22804069ms] [ERROR] [2026-04-15T20:36:29.983Z] Error: Error: Failed to complete negotiation with the server: Error: <html>
<head><title>502 Bad Gateway</title></head>
<body>
<center><h1>502 Bad Gateway</h1></center>
<hr><center>openresty</center>
</body>
</html>
<!-- a padding to disable MSIE and Chrome friendly error page -->
<!-- a padding to disable MSIE and Chrome friendly error page -->
<!-- a padding to disable MSIE and Chrome friendly error page -->
<!-- a padding to disable MSIE and Chrome friendly error page -->
<!-- a padding to disable MSIE and Chrome friendly error page -->
<!-- a padding to disable MSIE and Chrome friendly error page -->
: Status code '502' @ https://r2.jjagd.net/_framework/blazor.web.qcnkhbt5lj.js:0
[22804069ms] [INFO] [2026-04-15T20:36:29.983Z] Information: Normalizing '_blazor' to 'https://r2.jjagd.net/_blazor'. @ https://r2.jjagd.net/_framework/blazor.web.qcnkhbt5lj.js:0
[22804071ms] [ERROR] Failed to load resource: the server responded with a status of 502 () @ https://r2.jjagd.net/_blazor/negotiate?negotiateVersion=1:0
[22804071ms] [ERROR] [2026-04-15T20:36:29.984Z] Error: Failed to complete negotiation with the server: Error: <html>
<head><title>502 Bad Gateway</title></head>
<body>
<center><h1>502 Bad Gateway</h1></center>
<hr><center>openresty</center>
</body>
</html>
<!-- a padding to disable MSIE and Chrome friendly error page -->
<!-- a padding to disable MSIE and Chrome friendly error page -->
<!-- a padding to disable MSIE and Chrome friendly error page -->
<!-- a padding to disable MSIE and Chrome friendly error page -->
<!-- a padding to disable MSIE and Chrome friendly error page -->
<!-- a padding to disable MSIE and Chrome friendly error page -->
: Status code '502' @ https://r2.jjagd.net/_framework/blazor.web.qcnkhbt5lj.js:0
[22804071ms] [ERROR] [2026-04-15T20:36:29.984Z] Error: Failed to start the connection: Error: Failed to complete negotiation with the server: Error: <html>
<head><title>502 Bad Gateway</title></head>
<body>
<center><h1>502 Bad Gateway</h1></center>
<hr><center>openresty</center>
</body>
</html>
<!-- a padding to disable MSIE and Chrome friendly error page -->
<!-- a padding to disable MSIE and Chrome friendly error page -->
<!-- a padding to disable MSIE and Chrome friendly error page -->
<!-- a padding to disable MSIE and Chrome friendly error page -->
<!-- a padding to disable MSIE and Chrome friendly error page -->
<!-- a padding to disable MSIE and Chrome friendly error page -->
: Status code '502' @ https://r2.jjagd.net/_framework/blazor.web.qcnkhbt5lj.js:0
[22804071ms] [ERROR] [2026-04-15T20:36:29.984Z] Error: Error: Failed to complete negotiation with the server: Error: <html>
<head><title>502 Bad Gateway</title></head>
<body>
<center><h1>502 Bad Gateway</h1></center>
<hr><center>openresty</center>
</body>
</html>
<!-- a padding to disable MSIE and Chrome friendly error page -->
<!-- a padding to disable MSIE and Chrome friendly error page -->
<!-- a padding to disable MSIE and Chrome friendly error page -->
<!-- a padding to disable MSIE and Chrome friendly error page -->
<!-- a padding to disable MSIE and Chrome friendly error page -->
<!-- a padding to disable MSIE and Chrome friendly error page -->
: Status code '502' @ https://r2.jjagd.net/_framework/blazor.web.qcnkhbt5lj.js:0
[22804071ms] [ERROR] [2026-04-15T20:36:29.984Z] Error: Error: Failed to complete negotiation with the server: Error: <html>
<head><title>502 Bad Gateway</title></head>
<body>
<center><h1>502 Bad Gateway</h1></center>
<hr><center>openresty</center>
</body>
</html>
<!-- a padding to disable MSIE and Chrome friendly error page -->
<!-- a padding to disable MSIE and Chrome friendly error page -->
<!-- a padding to disable MSIE and Chrome friendly error page -->
<!-- a padding to disable MSIE and Chrome friendly error page -->
<!-- a padding to disable MSIE and Chrome friendly error page -->
<!-- a padding to disable MSIE and Chrome friendly error page -->
: Status code '502' @ https://r2.jjagd.net/_framework/blazor.web.qcnkhbt5lj.js:0
[22804071ms] [INFO] [2026-04-15T20:36:29.985Z] Information: Normalizing '_blazor' to 'https://r2.jjagd.net/_blazor'. @ https://r2.jjagd.net/_framework/blazor.web.qcnkhbt5lj.js:0
[22804073ms] [ERROR] Failed to load resource: the server responded with a status of 502 () @ https://r2.jjagd.net/_blazor/negotiate?negotiateVersion=1:0
[22804073ms] [ERROR] [2026-04-15T20:36:29.987Z] Error: Failed to complete negotiation with the server: Error: <html>
<head><title>502 Bad Gateway</title></head>
<body>
<center><h1>502 Bad Gateway</h1></center>
<hr><center>openresty</center>
</body>
</html>
<!-- a padding to disable MSIE and Chrome friendly error page -->
<!-- a padding to disable MSIE and Chrome friendly error page -->
<!-- a padding to disable MSIE and Chrome friendly error page -->
<!-- a padding to disable MSIE and Chrome friendly error page -->
<!-- a padding to disable MSIE and Chrome friendly error page -->
<!-- a padding to disable MSIE and Chrome friendly error page -->
: Status code '502' @ https://r2.jjagd.net/_framework/blazor.web.qcnkhbt5lj.js:0
[22804073ms] [ERROR] [2026-04-15T20:36:29.987Z] Error: Failed to start the connection: Error: Failed to complete negotiation with the server: Error: <html>
<head><title>502 Bad Gateway</title></head>
<body>
<center><h1>502 Bad Gateway</h1></center>
<hr><center>openresty</center>
</body>
</html>
<!-- a padding to disable MSIE and Chrome friendly error page -->
<!-- a padding to disable MSIE and Chrome friendly error page -->
<!-- a padding to disable MSIE and Chrome friendly error page -->
<!-- a padding to disable MSIE and Chrome friendly error page -->
<!-- a padding to disable MSIE and Chrome friendly error page -->
<!-- a padding to disable MSIE and Chrome friendly error page -->
: Status code '502' @ https://r2.jjagd.net/_framework/blazor.web.qcnkhbt5lj.js:0
[22804073ms] [ERROR] [2026-04-15T20:36:29.987Z] Error: Error: Failed to complete negotiation with the server: Error: <html>
<head><title>502 Bad Gateway</title></head>
<body>
<center><h1>502 Bad Gateway</h1></center>
<hr><center>openresty</center>
</body>
</html>
<!-- a padding to disable MSIE and Chrome friendly error page -->
<!-- a padding to disable MSIE and Chrome friendly error page -->
<!-- a padding to disable MSIE and Chrome friendly error page -->
<!-- a padding to disable MSIE and Chrome friendly error page -->
<!-- a padding to disable MSIE and Chrome friendly error page -->
<!-- a padding to disable MSIE and Chrome friendly error page -->
: Status code '502' @ https://r2.jjagd.net/_framework/blazor.web.qcnkhbt5lj.js:0
[22804073ms] [ERROR] [2026-04-15T20:36:29.987Z] Error: Error: Failed to complete negotiation with the server: Error: <html>
<head><title>502 Bad Gateway</title></head>
<body>
<center><h1>502 Bad Gateway</h1></center>
<hr><center>openresty</center>
</body>
</html>
<!-- a padding to disable MSIE and Chrome friendly error page -->
<!-- a padding to disable MSIE and Chrome friendly error page -->
<!-- a padding to disable MSIE and Chrome friendly error page -->
<!-- a padding to disable MSIE and Chrome friendly error page -->
<!-- a padding to disable MSIE and Chrome friendly error page -->
<!-- a padding to disable MSIE and Chrome friendly error page -->
: Status code '502' @ https://r2.jjagd.net/_framework/blazor.web.qcnkhbt5lj.js:0
[22804073ms] [INFO] [2026-04-15T20:36:29.987Z] Information: Normalizing '_blazor' to 'https://r2.jjagd.net/_blazor'. @ https://r2.jjagd.net/_framework/blazor.web.qcnkhbt5lj.js:0
[22804075ms] [ERROR] Failed to load resource: the server responded with a status of 502 () @ https://r2.jjagd.net/_blazor/negotiate?negotiateVersion=1:0
[22804075ms] [ERROR] [2026-04-15T20:36:29.989Z] Error: Failed to complete negotiation with the server: Error: <html>
<head><title>502 Bad Gateway</title></head>
<body>
<center><h1>502 Bad Gateway</h1></center>
<hr><center>openresty</center>
</body>
</html>
<!-- a padding to disable MSIE and Chrome friendly error page -->
<!-- a padding to disable MSIE and Chrome friendly error page -->
<!-- a padding to disable MSIE and Chrome friendly error page -->
<!-- a padding to disable MSIE and Chrome friendly error page -->
<!-- a padding to disable MSIE and Chrome friendly error page -->
<!-- a padding to disable MSIE and Chrome friendly error page -->
: Status code '502' @ https://r2.jjagd.net/_framework/blazor.web.qcnkhbt5lj.js:0
[22804075ms] [ERROR] [2026-04-15T20:36:29.989Z] Error: Failed to start the connection: Error: Failed to complete negotiation with the server: Error: <html>
<head><title>502 Bad Gateway</title></head>
<body>
<center><h1>502 Bad Gateway</h1></center>
<hr><center>openresty</center>
</body>
</html>
<!-- a padding to disable MSIE and Chrome friendly error page -->
<!-- a padding to disable MSIE and Chrome friendly error page -->
<!-- a padding to disable MSIE and Chrome friendly error page -->
<!-- a padding to disable MSIE and Chrome friendly error page -->
<!-- a padding to disable MSIE and Chrome friendly error page -->
<!-- a padding to disable MSIE and Chrome friendly error page -->
: Status code '502' @ https://r2.jjagd.net/_framework/blazor.web.qcnkhbt5lj.js:0
[22804075ms] [ERROR] [2026-04-15T20:36:29.989Z] Error: Error: Failed to complete negotiation with the server: Error: <html>
<head><title>502 Bad Gateway</title></head>
<body>
<center><h1>502 Bad Gateway</h1></center>
<hr><center>openresty</center>
</body>
</html>
<!-- a padding to disable MSIE and Chrome friendly error page -->
<!-- a padding to disable MSIE and Chrome friendly error page -->
<!-- a padding to disable MSIE and Chrome friendly error page -->
<!-- a padding to disable MSIE and Chrome friendly error page -->
<!-- a padding to disable MSIE and Chrome friendly error page -->
<!-- a padding to disable MSIE and Chrome friendly error page -->
: Status code '502' @ https://r2.jjagd.net/_framework/blazor.web.qcnkhbt5lj.js:0
[22804075ms] [ERROR] [2026-04-15T20:36:29.989Z] Error: Error: Failed to complete negotiation with the server: Error: <html>
<head><title>502 Bad Gateway</title></head>
<body>
<center><h1>502 Bad Gateway</h1></center>
<hr><center>openresty</center>
</body>
</html>
<!-- a padding to disable MSIE and Chrome friendly error page -->
<!-- a padding to disable MSIE and Chrome friendly error page -->
<!-- a padding to disable MSIE and Chrome friendly error page -->
<!-- a padding to disable MSIE and Chrome friendly error page -->
<!-- a padding to disable MSIE and Chrome friendly error page -->
<!-- a padding to disable MSIE and Chrome friendly error page -->
: Status code '502' @ https://r2.jjagd.net/_framework/blazor.web.qcnkhbt5lj.js:0
[22804075ms] [INFO] [2026-04-15T20:36:29.989Z] Information: Normalizing '_blazor' to 'https://r2.jjagd.net/_blazor'. @ https://r2.jjagd.net/_framework/blazor.web.qcnkhbt5lj.js:0
[22804077ms] [ERROR] Failed to load resource: the server responded with a status of 502 () @ https://r2.jjagd.net/_blazor/negotiate?negotiateVersion=1:0
[22804077ms] [ERROR] [2026-04-15T20:36:29.990Z] Error: Failed to complete negotiation with the server: Error: <html>
<head><title>502 Bad Gateway</title></head>
<body>
<center><h1>502 Bad Gateway</h1></center>
<hr><center>openresty</center>
</body>
</html>
<!-- a padding to disable MSIE and Chrome friendly error page -->
<!-- a padding to disable MSIE and Chrome friendly error page -->
<!-- a padding to disable MSIE and Chrome friendly error page -->
<!-- a padding to disable MSIE and Chrome friendly error page -->
<!-- a padding to disable MSIE and Chrome friendly error page -->
<!-- a padding to disable MSIE and Chrome friendly error page -->
: Status code '502' @ https://r2.jjagd.net/_framework/blazor.web.qcnkhbt5lj.js:0
[22804077ms] [ERROR] [2026-04-15T20:36:29.991Z] Error: Failed to start the connection: Error: Failed to complete negotiation with the server: Error: <html>
<head><title>502 Bad Gateway</title></head>
<body>
<center><h1>502 Bad Gateway</h1></center>
<hr><center>openresty</center>
</body>
</html>
<!-- a padding to disable MSIE and Chrome friendly error page -->
<!-- a padding to disable MSIE and Chrome friendly error page -->
<!-- a padding to disable MSIE and Chrome friendly error page -->
<!-- a padding to disable MSIE and Chrome friendly error page -->
<!-- a padding to disable MSIE and Chrome friendly error page -->
<!-- a padding to disable MSIE and Chrome friendly error page -->
: Status code '502' @ https://r2.jjagd.net/_framework/blazor.web.qcnkhbt5lj.js:0
[22804077ms] [ERROR] [2026-04-15T20:36:29.991Z] Error: Error: Failed to complete negotiation with the server: Error: <html>
<head><title>502 Bad Gateway</title></head>
<body>
<center><h1>502 Bad Gateway</h1></center>
<hr><center>openresty</center>
</body>
</html>
<!-- a padding to disable MSIE and Chrome friendly error page -->
<!-- a padding to disable MSIE and Chrome friendly error page -->
<!-- a padding to disable MSIE and Chrome friendly error page -->
<!-- a padding to disable MSIE and Chrome friendly error page -->
<!-- a padding to disable MSIE and Chrome friendly error page -->
<!-- a padding to disable MSIE and Chrome friendly error page -->
: Status code '502' @ https://r2.jjagd.net/_framework/blazor.web.qcnkhbt5lj.js:0
[22804077ms] [ERROR] [2026-04-15T20:36:29.991Z] Error: Error: Failed to complete negotiation with the server: Error: <html>
<head><title>502 Bad Gateway</title></head>
<body>
<center><h1>502 Bad Gateway</h1></center>
<hr><center>openresty</center>
</body>
</html>
<!-- a padding to disable MSIE and Chrome friendly error page -->
<!-- a padding to disable MSIE and Chrome friendly error page -->
<!-- a padding to disable MSIE and Chrome friendly error page -->
<!-- a padding to disable MSIE and Chrome friendly error page -->
<!-- a padding to disable MSIE and Chrome friendly error page -->
<!-- a padding to disable MSIE and Chrome friendly error page -->
: Status code '502' @ https://r2.jjagd.net/_framework/blazor.web.qcnkhbt5lj.js:0
[22804077ms] [INFO] [2026-04-15T20:36:29.991Z] Information: Normalizing '_blazor' to 'https://r2.jjagd.net/_blazor'. @ https://r2.jjagd.net/_framework/blazor.web.qcnkhbt5lj.js:0
[22804079ms] [ERROR] Failed to load resource: the server responded with a status of 502 () @ https://r2.jjagd.net/_blazor/negotiate?negotiateVersion=1:0
[22804079ms] [ERROR] [2026-04-15T20:36:29.993Z] Error: Failed to complete negotiation with the server: Error: <html>
<head><title>502 Bad Gateway</title></head>
<body>
<center><h1>502 Bad Gateway</h1></center>
<hr><center>openresty</center>
</body>
</html>
<!-- a padding to disable MSIE and Chrome friendly error page -->
<!-- a padding to disable MSIE and Chrome friendly error page -->
<!-- a padding to disable MSIE and Chrome friendly error page -->
<!-- a padding to disable MSIE and Chrome friendly error page -->
<!-- a padding to disable MSIE and Chrome friendly error page -->
<!-- a padding to disable MSIE and Chrome friendly error page -->
: Status code '502' @ https://r2.jjagd.net/_framework/blazor.web.qcnkhbt5lj.js:0
[22804079ms] [ERROR] [2026-04-15T20:36:29.993Z] Error: Failed to start the connection: Error: Failed to complete negotiation with the server: Error: <html>
<head><title>502 Bad Gateway</title></head>
<body>
<center><h1>502 Bad Gateway</h1></center>
<hr><center>openresty</center>
</body>
</html>
<!-- a padding to disable MSIE and Chrome friendly error page -->
<!-- a padding to disable MSIE and Chrome friendly error page -->
<!-- a padding to disable MSIE and Chrome friendly error page -->
<!-- a padding to disable MSIE and Chrome friendly error page -->
<!-- a padding to disable MSIE and Chrome friendly error page -->
<!-- a padding to disable MSIE and Chrome friendly error page -->
: Status code '502' @ https://r2.jjagd.net/_framework/blazor.web.qcnkhbt5lj.js:0
[22804079ms] [ERROR] [2026-04-15T20:36:29.993Z] Error: Error: Failed to complete negotiation with the server: Error: <html>
<head><title>502 Bad Gateway</title></head>
<body>
<center><h1>502 Bad Gateway</h1></center>
<hr><center>openresty</center>
</body>
</html>
<!-- a padding to disable MSIE and Chrome friendly error page -->
<!-- a padding to disable MSIE and Chrome friendly error page -->
<!-- a padding to disable MSIE and Chrome friendly error page -->
<!-- a padding to disable MSIE and Chrome friendly error page -->
<!-- a padding to disable MSIE and Chrome friendly error page -->
<!-- a padding to disable MSIE and Chrome friendly error page -->
: Status code '502' @ https://r2.jjagd.net/_framework/blazor.web.qcnkhbt5lj.js:0
[22804079ms] [ERROR] [2026-04-15T20:36:29.993Z] Error: Error: Failed to complete negotiation with the server: Error: <html>
<head><title>502 Bad Gateway</title></head>
<body>
<center><h1>502 Bad Gateway</h1></center>
<hr><center>openresty</center>
</body>
</html>
<!-- a padding to disable MSIE and Chrome friendly error page -->
<!-- a padding to disable MSIE and Chrome friendly error page -->
<!-- a padding to disable MSIE and Chrome friendly error page -->
<!-- a padding to disable MSIE and Chrome friendly error page -->
<!-- a padding to disable MSIE and Chrome friendly error page -->
<!-- a padding to disable MSIE and Chrome friendly error page -->
: Status code '502' @ https://r2.jjagd.net/_framework/blazor.web.qcnkhbt5lj.js:0
[22804079ms] [INFO] [2026-04-15T20:36:29.993Z] Information: Normalizing '_blazor' to 'https://r2.jjagd.net/_blazor'. @ https://r2.jjagd.net/_framework/blazor.web.qcnkhbt5lj.js:0
[22804081ms] [ERROR] Failed to load resource: the server responded with a status of 502 () @ https://r2.jjagd.net/_blazor/negotiate?negotiateVersion=1:0
[22804081ms] [ERROR] [2026-04-15T20:36:29.994Z] Error: Failed to complete negotiation with the server: Error: <html>
<head><title>502 Bad Gateway</title></head>
<body>
<center><h1>502 Bad Gateway</h1></center>
<hr><center>openresty</center>
</body>
</html>
<!-- a padding to disable MSIE and Chrome friendly error page -->
<!-- a padding to disable MSIE and Chrome friendly error page -->
<!-- a padding to disable MSIE and Chrome friendly error page -->
<!-- a padding to disable MSIE and Chrome friendly error page -->
<!-- a padding to disable MSIE and Chrome friendly error page -->
<!-- a padding to disable MSIE and Chrome friendly error page -->
: Status code '502' @ https://r2.jjagd.net/_framework/blazor.web.qcnkhbt5lj.js:0
[22804081ms] [ERROR] [2026-04-15T20:36:29.994Z] Error: Failed to start the connection: Error: Failed to complete negotiation with the server: Error: <html>
<head><title>502 Bad Gateway</title></head>
<body>
<center><h1>502 Bad Gateway</h1></center>
<hr><center>openresty</center>
</body>
</html>
<!-- a padding to disable MSIE and Chrome friendly error page -->
<!-- a padding to disable MSIE and Chrome friendly error page -->
<!-- a padding to disable MSIE and Chrome friendly error page -->
<!-- a padding to disable MSIE and Chrome friendly error page -->
<!-- a padding to disable MSIE and Chrome friendly error page -->
<!-- a padding to disable MSIE and Chrome friendly error page -->
: Status code '502' @ https://r2.jjagd.net/_framework/blazor.web.qcnkhbt5lj.js:0
[22804081ms] [ERROR] [2026-04-15T20:36:29.994Z] Error: Error: Failed to complete negotiation with the server: Error: <html>
<head><title>502 Bad Gateway</title></head>
<body>
<center><h1>502 Bad Gateway</h1></center>
<hr><center>openresty</center>
</body>
</html>
<!-- a padding to disable MSIE and Chrome friendly error page -->
<!-- a padding to disable MSIE and Chrome friendly error page -->
<!-- a padding to disable MSIE and Chrome friendly error page -->
<!-- a padding to disable MSIE and Chrome friendly error page -->
<!-- a padding to disable MSIE and Chrome friendly error page -->
<!-- a padding to disable MSIE and Chrome friendly error page -->
: Status code '502' @ https://r2.jjagd.net/_framework/blazor.web.qcnkhbt5lj.js:0
[22804081ms] [ERROR] [2026-04-15T20:36:29.994Z] Error: Error: Failed to complete negotiation with the server: Error: <html>
<head><title>502 Bad Gateway</title></head>
<body>
<center><h1>502 Bad Gateway</h1></center>
<hr><center>openresty</center>
</body>
</html>
<!-- a padding to disable MSIE and Chrome friendly error page -->
<!-- a padding to disable MSIE and Chrome friendly error page -->
<!-- a padding to disable MSIE and Chrome friendly error page -->
<!-- a padding to disable MSIE and Chrome friendly error page -->
<!-- a padding to disable MSIE and Chrome friendly error page -->
<!-- a padding to disable MSIE and Chrome friendly error page -->
: Status code '502' @ https://r2.jjagd.net/_framework/blazor.web.qcnkhbt5lj.js:0
[22804081ms] [INFO] [2026-04-15T20:36:29.994Z] Information: Normalizing '_blazor' to 'https://r2.jjagd.net/_blazor'. @ https://r2.jjagd.net/_framework/blazor.web.qcnkhbt5lj.js:0
[22804082ms] [ERROR] Failed to load resource: the server responded with a status of 502 () @ https://r2.jjagd.net/_blazor/negotiate?negotiateVersion=1:0
[22804083ms] [ERROR] [2026-04-15T20:36:29.996Z] Error: Failed to complete negotiation with the server: Error: <html>
<head><title>502 Bad Gateway</title></head>
<body>
<center><h1>502 Bad Gateway</h1></center>
<hr><center>openresty</center>
</body>
</html>
<!-- a padding to disable MSIE and Chrome friendly error page -->
<!-- a padding to disable MSIE and Chrome friendly error page -->
<!-- a padding to disable MSIE and Chrome friendly error page -->
<!-- a padding to disable MSIE and Chrome friendly error page -->
<!-- a padding to disable MSIE and Chrome friendly error page -->
<!-- a padding to disable MSIE and Chrome friendly error page -->
: Status code '502' @ https://r2.jjagd.net/_framework/blazor.web.qcnkhbt5lj.js:0
[22804083ms] [ERROR] [2026-04-15T20:36:29.996Z] Error: Failed to start the connection: Error: Failed to complete negotiation with the server: Error: <html>
<head><title>502 Bad Gateway</title></head>
<body>
<center><h1>502 Bad Gateway</h1></center>
<hr><center>openresty</center>
</body>
</html>
<!-- a padding to disable MSIE and Chrome friendly error page -->
<!-- a padding to disable MSIE and Chrome friendly error page -->
<!-- a padding to disable MSIE and Chrome friendly error page -->
<!-- a padding to disable MSIE and Chrome friendly error page -->
<!-- a padding to disable MSIE and Chrome friendly error page -->
<!-- a padding to disable MSIE and Chrome friendly error page -->
: Status code '502' @ https://r2.jjagd.net/_framework/blazor.web.qcnkhbt5lj.js:0
[22804083ms] [ERROR] [2026-04-15T20:36:29.996Z] Error: Error: Failed to complete negotiation with the server: Error: <html>
<head><title>502 Bad Gateway</title></head>
<body>
<center><h1>502 Bad Gateway</h1></center>
<hr><center>openresty</center>
</body>
</html>
<!-- a padding to disable MSIE and Chrome friendly error page -->
<!-- a padding to disable MSIE and Chrome friendly error page -->
<!-- a padding to disable MSIE and Chrome friendly error page -->
<!-- a padding to disable MSIE and Chrome friendly error page -->
<!-- a padding to disable MSIE and Chrome friendly error page -->
<!-- a padding to disable MSIE and Chrome friendly error page -->
: Status code '502' @ https://r2.jjagd.net/_framework/blazor.web.qcnkhbt5lj.js:0
[22804083ms] [ERROR] [2026-04-15T20:36:29.996Z] Error: Error: Failed to complete negotiation with the server: Error: <html>
<head><title>502 Bad Gateway</title></head>
<body>
<center><h1>502 Bad Gateway</h1></center>
<hr><center>openresty</center>
</body>
</html>
<!-- a padding to disable MSIE and Chrome friendly error page -->
<!-- a padding to disable MSIE and Chrome friendly error page -->
<!-- a padding to disable MSIE and Chrome friendly error page -->
<!-- a padding to disable MSIE and Chrome friendly error page -->
<!-- a padding to disable MSIE and Chrome friendly error page -->
<!-- a padding to disable MSIE and Chrome friendly error page -->
: Status code '502' @ https://r2.jjagd.net/_framework/blazor.web.qcnkhbt5lj.js:0
[22809085ms] [INFO] [2026-04-15T20:36:34.999Z] Information: Normalizing '_blazor' to 'https://r2.jjagd.net/_blazor'. @ https://r2.jjagd.net/_framework/blazor.web.qcnkhbt5lj.js:0
[22809088ms] [ERROR] Failed to load resource: the server responded with a status of 502 () @ https://r2.jjagd.net/_blazor/negotiate?negotiateVersion=1:0
[22809088ms] [ERROR] [2026-04-15T20:36:35.002Z] Error: Failed to complete negotiation with the server: Error: <html>
<head><title>502 Bad Gateway</title></head>
<body>
<center><h1>502 Bad Gateway</h1></center>
<hr><center>openresty</center>
</body>
</html>
<!-- a padding to disable MSIE and Chrome friendly error page -->
<!-- a padding to disable MSIE and Chrome friendly error page -->
<!-- a padding to disable MSIE and Chrome friendly error page -->
<!-- a padding to disable MSIE and Chrome friendly error page -->
<!-- a padding to disable MSIE and Chrome friendly error page -->
<!-- a padding to disable MSIE and Chrome friendly error page -->
: Status code '502' @ https://r2.jjagd.net/_framework/blazor.web.qcnkhbt5lj.js:0
[22809088ms] [ERROR] [2026-04-15T20:36:35.002Z] Error: Failed to start the connection: Error: Failed to complete negotiation with the server: Error: <html>
<head><title>502 Bad Gateway</title></head>
<body>
<center><h1>502 Bad Gateway</h1></center>
<hr><center>openresty</center>
</body>
</html>
<!-- a padding to disable MSIE and Chrome friendly error page -->
<!-- a padding to disable MSIE and Chrome friendly error page -->
<!-- a padding to disable MSIE and Chrome friendly error page -->
<!-- a padding to disable MSIE and Chrome friendly error page -->
<!-- a padding to disable MSIE and Chrome friendly error page -->
<!-- a padding to disable MSIE and Chrome friendly error page -->
: Status code '502' @ https://r2.jjagd.net/_framework/blazor.web.qcnkhbt5lj.js:0
[22809088ms] [ERROR] [2026-04-15T20:36:35.002Z] Error: Error: Failed to complete negotiation with the server: Error: <html>
<head><title>502 Bad Gateway</title></head>
<body>
<center><h1>502 Bad Gateway</h1></center>
<hr><center>openresty</center>
</body>
</html>
<!-- a padding to disable MSIE and Chrome friendly error page -->
<!-- a padding to disable MSIE and Chrome friendly error page -->
<!-- a padding to disable MSIE and Chrome friendly error page -->
<!-- a padding to disable MSIE and Chrome friendly error page -->
<!-- a padding to disable MSIE and Chrome friendly error page -->
<!-- a padding to disable MSIE and Chrome friendly error page -->
: Status code '502' @ https://r2.jjagd.net/_framework/blazor.web.qcnkhbt5lj.js:0
[22809088ms] [ERROR] [2026-04-15T20:36:35.002Z] Error: Error: Failed to complete negotiation with the server: Error: <html>
<head><title>502 Bad Gateway</title></head>
<body>
<center><h1>502 Bad Gateway</h1></center>
<hr><center>openresty</center>
</body>
</html>
<!-- a padding to disable MSIE and Chrome friendly error page -->
<!-- a padding to disable MSIE and Chrome friendly error page -->
<!-- a padding to disable MSIE and Chrome friendly error page -->
<!-- a padding to disable MSIE and Chrome friendly error page -->
<!-- a padding to disable MSIE and Chrome friendly error page -->
<!-- a padding to disable MSIE and Chrome friendly error page -->
: Status code '502' @ https://r2.jjagd.net/_framework/blazor.web.qcnkhbt5lj.js:0
[22814091ms] [INFO] [2026-04-15T20:36:40.005Z] Information: Normalizing '_blazor' to 'https://r2.jjagd.net/_blazor'. @ https://r2.jjagd.net/_framework/blazor.web.qcnkhbt5lj.js:0
[22814095ms] [ERROR] Failed to load resource: the server responded with a status of 502 () @ https://r2.jjagd.net/_blazor/negotiate?negotiateVersion=1:0
[22814095ms] [ERROR] [2026-04-15T20:36:40.009Z] Error: Failed to complete negotiation with the server: Error: <html>
<head><title>502 Bad Gateway</title></head>
<body>
<center><h1>502 Bad Gateway</h1></center>
<hr><center>openresty</center>
</body>
</html>
<!-- a padding to disable MSIE and Chrome friendly error page -->
<!-- a padding to disable MSIE and Chrome friendly error page -->
<!-- a padding to disable MSIE and Chrome friendly error page -->
<!-- a padding to disable MSIE and Chrome friendly error page -->
<!-- a padding to disable MSIE and Chrome friendly error page -->
<!-- a padding to disable MSIE and Chrome friendly error page -->
: Status code '502' @ https://r2.jjagd.net/_framework/blazor.web.qcnkhbt5lj.js:0
[22814095ms] [ERROR] [2026-04-15T20:36:40.009Z] Error: Failed to start the connection: Error: Failed to complete negotiation with the server: Error: <html>
<head><title>502 Bad Gateway</title></head>
<body>
<center><h1>502 Bad Gateway</h1></center>
<hr><center>openresty</center>
</body>
</html>
<!-- a padding to disable MSIE and Chrome friendly error page -->
<!-- a padding to disable MSIE and Chrome friendly error page -->
<!-- a padding to disable MSIE and Chrome friendly error page -->
<!-- a padding to disable MSIE and Chrome friendly error page -->
<!-- a padding to disable MSIE and Chrome friendly error page -->
<!-- a padding to disable MSIE and Chrome friendly error page -->
: Status code '502' @ https://r2.jjagd.net/_framework/blazor.web.qcnkhbt5lj.js:0
[22814095ms] [ERROR] [2026-04-15T20:36:40.009Z] Error: Error: Failed to complete negotiation with the server: Error: <html>
<head><title>502 Bad Gateway</title></head>
<body>
<center><h1>502 Bad Gateway</h1></center>
<hr><center>openresty</center>
</body>
</html>
<!-- a padding to disable MSIE and Chrome friendly error page -->
<!-- a padding to disable MSIE and Chrome friendly error page -->
<!-- a padding to disable MSIE and Chrome friendly error page -->
<!-- a padding to disable MSIE and Chrome friendly error page -->
<!-- a padding to disable MSIE and Chrome friendly error page -->
<!-- a padding to disable MSIE and Chrome friendly error page -->
: Status code '502' @ https://r2.jjagd.net/_framework/blazor.web.qcnkhbt5lj.js:0
[22814095ms] [ERROR] [2026-04-15T20:36:40.009Z] Error: Error: Failed to complete negotiation with the server: Error: <html>
<head><title>502 Bad Gateway</title></head>
<body>
<center><h1>502 Bad Gateway</h1></center>
<hr><center>openresty</center>
</body>
</html>
<!-- a padding to disable MSIE and Chrome friendly error page -->
<!-- a padding to disable MSIE and Chrome friendly error page -->
<!-- a padding to disable MSIE and Chrome friendly error page -->
<!-- a padding to disable MSIE and Chrome friendly error page -->
<!-- a padding to disable MSIE and Chrome friendly error page -->
<!-- a padding to disable MSIE and Chrome friendly error page -->
: Status code '502' @ https://r2.jjagd.net/_framework/blazor.web.qcnkhbt5lj.js:0
[22819098ms] [INFO] [2026-04-15T20:36:45.011Z] Information: Normalizing '_blazor' to 'https://r2.jjagd.net/_blazor'. @ https://r2.jjagd.net/_framework/blazor.web.qcnkhbt5lj.js:0
[22819446ms] [ERROR] Failed to load resource: net::ERR_SSL_UNRECOGNIZED_NAME_ALERT @ https://r2.jjagd.net/_blazor/negotiate?negotiateVersion=1:0
[22819446ms] [WARNING] [2026-04-15T20:36:45.360Z] Warning: Error from HTTP request. TypeError: Failed to fetch. @ https://r2.jjagd.net/_framework/blazor.web.qcnkhbt5lj.js:0
[22819446ms] [ERROR] [2026-04-15T20:36:45.360Z] Error: Failed to complete negotiation with the server: TypeError: Failed to fetch @ https://r2.jjagd.net/_framework/blazor.web.qcnkhbt5lj.js:0
[22819446ms] [ERROR] [2026-04-15T20:36:45.360Z] Error: Failed to start the connection: Error: Failed to complete negotiation with the server: TypeError: Failed to fetch @ https://r2.jjagd.net/_framework/blazor.web.qcnkhbt5lj.js:0
[22819446ms] [ERROR] [2026-04-15T20:36:45.360Z] Error: Error: Failed to complete negotiation with the server: TypeError: Failed to fetch @ https://r2.jjagd.net/_framework/blazor.web.qcnkhbt5lj.js:0
[22819446ms] [ERROR] [2026-04-15T20:36:45.360Z] Error: Error: Failed to complete negotiation with the server: TypeError: Failed to fetch @ https://r2.jjagd.net/_framework/blazor.web.qcnkhbt5lj.js:0
[22824449ms] [INFO] [2026-04-15T20:36:50.362Z] Information: Normalizing '_blazor' to 'https://r2.jjagd.net/_blazor'. @ https://r2.jjagd.net/_framework/blazor.web.qcnkhbt5lj.js:0
[22824828ms] [ERROR] Failed to load resource: net::ERR_SSL_UNRECOGNIZED_NAME_ALERT @ https://r2.jjagd.net/_blazor/negotiate?negotiateVersion=1:0
[22824828ms] [WARNING] [2026-04-15T20:36:50.741Z] Warning: Error from HTTP request. TypeError: Failed to fetch. @ https://r2.jjagd.net/_framework/blazor.web.qcnkhbt5lj.js:0
[22824828ms] [ERROR] [2026-04-15T20:36:50.741Z] Error: Failed to complete negotiation with the server: TypeError: Failed to fetch @ https://r2.jjagd.net/_framework/blazor.web.qcnkhbt5lj.js:0
[22824828ms] [ERROR] [2026-04-15T20:36:50.741Z] Error: Failed to start the connection: Error: Failed to complete negotiation with the server: TypeError: Failed to fetch @ https://r2.jjagd.net/_framework/blazor.web.qcnkhbt5lj.js:0
[22824828ms] [ERROR] [2026-04-15T20:36:50.741Z] Error: Error: Failed to complete negotiation with the server: TypeError: Failed to fetch @ https://r2.jjagd.net/_framework/blazor.web.qcnkhbt5lj.js:0
[22824828ms] [ERROR] [2026-04-15T20:36:50.741Z] Error: Error: Failed to complete negotiation with the server: TypeError: Failed to fetch @ https://r2.jjagd.net/_framework/blazor.web.qcnkhbt5lj.js:0
[22829832ms] [INFO] [2026-04-15T20:36:55.746Z] Information: Normalizing '_blazor' to 'https://r2.jjagd.net/_blazor'. @ https://r2.jjagd.net/_framework/blazor.web.qcnkhbt5lj.js:0
[22830181ms] [ERROR] Failed to load resource: net::ERR_SSL_UNRECOGNIZED_NAME_ALERT @ https://r2.jjagd.net/_blazor/negotiate?negotiateVersion=1:0
[22830182ms] [WARNING] [2026-04-15T20:36:56.095Z] Warning: Error from HTTP request. TypeError: Failed to fetch. @ https://r2.jjagd.net/_framework/blazor.web.qcnkhbt5lj.js:0
[22830182ms] [ERROR] [2026-04-15T20:36:56.095Z] Error: Failed to complete negotiation with the server: TypeError: Failed to fetch @ https://r2.jjagd.net/_framework/blazor.web.qcnkhbt5lj.js:0
[22830182ms] [ERROR] [2026-04-15T20:36:56.095Z] Error: Failed to start the connection: Error: Failed to complete negotiation with the server: TypeError: Failed to fetch @ https://r2.jjagd.net/_framework/blazor.web.qcnkhbt5lj.js:0
[22830182ms] [ERROR] [2026-04-15T20:36:56.095Z] Error: Error: Failed to complete negotiation with the server: TypeError: Failed to fetch @ https://r2.jjagd.net/_framework/blazor.web.qcnkhbt5lj.js:0
[22830182ms] [ERROR] [2026-04-15T20:36:56.095Z] Error: Error: Failed to complete negotiation with the server: TypeError: Failed to fetch @ https://r2.jjagd.net/_framework/blazor.web.qcnkhbt5lj.js:0
[22835185ms] [INFO] [2026-04-15T20:37:01.098Z] Information: Normalizing '_blazor' to 'https://r2.jjagd.net/_blazor'. @ https://r2.jjagd.net/_framework/blazor.web.qcnkhbt5lj.js:0
[22835396ms] [ERROR] Failed to load resource: the server responded with a status of 502 () @ https://r2.jjagd.net/_blazor/negotiate?negotiateVersion=1:0
[22835396ms] [ERROR] [2026-04-15T20:37:01.309Z] Error: Failed to complete negotiation with the server: Error: <html>
<head><title>502 Bad Gateway</title></head>
<body>
<center><h1>502 Bad Gateway</h1></center>
<hr><center>openresty</center>
</body>
</html>
<!-- a padding to disable MSIE and Chrome friendly error page -->
<!-- a padding to disable MSIE and Chrome friendly error page -->
<!-- a padding to disable MSIE and Chrome friendly error page -->
<!-- a padding to disable MSIE and Chrome friendly error page -->
<!-- a padding to disable MSIE and Chrome friendly error page -->
<!-- a padding to disable MSIE and Chrome friendly error page -->
: Status code '502' @ https://r2.jjagd.net/_framework/blazor.web.qcnkhbt5lj.js:0
[22835396ms] [ERROR] [2026-04-15T20:37:01.309Z] Error: Failed to start the connection: Error: Failed to complete negotiation with the server: Error: <html>
<head><title>502 Bad Gateway</title></head>
<body>
<center><h1>502 Bad Gateway</h1></center>
<hr><center>openresty</center>
</body>
</html>
<!-- a padding to disable MSIE and Chrome friendly error page -->
<!-- a padding to disable MSIE and Chrome friendly error page -->
<!-- a padding to disable MSIE and Chrome friendly error page -->
<!-- a padding to disable MSIE and Chrome friendly error page -->
<!-- a padding to disable MSIE and Chrome friendly error page -->
<!-- a padding to disable MSIE and Chrome friendly error page -->
: Status code '502' @ https://r2.jjagd.net/_framework/blazor.web.qcnkhbt5lj.js:0
[22835396ms] [ERROR] [2026-04-15T20:37:01.309Z] Error: Error: Failed to complete negotiation with the server: Error: <html>
<head><title>502 Bad Gateway</title></head>
<body>
<center><h1>502 Bad Gateway</h1></center>
<hr><center>openresty</center>
</body>
</html>
<!-- a padding to disable MSIE and Chrome friendly error page -->
<!-- a padding to disable MSIE and Chrome friendly error page -->
<!-- a padding to disable MSIE and Chrome friendly error page -->
<!-- a padding to disable MSIE and Chrome friendly error page -->
<!-- a padding to disable MSIE and Chrome friendly error page -->
<!-- a padding to disable MSIE and Chrome friendly error page -->
: Status code '502' @ https://r2.jjagd.net/_framework/blazor.web.qcnkhbt5lj.js:0
[22835396ms] [ERROR] [2026-04-15T20:37:01.309Z] Error: Error: Failed to complete negotiation with the server: Error: <html>
<head><title>502 Bad Gateway</title></head>
<body>
<center><h1>502 Bad Gateway</h1></center>
<hr><center>openresty</center>
</body>
</html>
<!-- a padding to disable MSIE and Chrome friendly error page -->
<!-- a padding to disable MSIE and Chrome friendly error page -->
<!-- a padding to disable MSIE and Chrome friendly error page -->
<!-- a padding to disable MSIE and Chrome friendly error page -->
<!-- a padding to disable MSIE and Chrome friendly error page -->
<!-- a padding to disable MSIE and Chrome friendly error page -->
: Status code '502' @ https://r2.jjagd.net/_framework/blazor.web.qcnkhbt5lj.js:0
[22840400ms] [INFO] [2026-04-15T20:37:06.313Z] Information: Normalizing '_blazor' to 'https://r2.jjagd.net/_blazor'. @ https://r2.jjagd.net/_framework/blazor.web.qcnkhbt5lj.js:0
[22840929ms] [INFO] [2026-04-15T20:37:06.842Z] Information: WebSocket connected to wss://r2.jjagd.net/_blazor?id=MSJ6A4EGWy9Qq3i7cFMlqA. @ https://r2.jjagd.net/_framework/blazor.web.qcnkhbt5lj.js:0
[22841468ms] [INFO] [2026-04-15T20:37:07.382Z] Information: Normalizing '_blazor' to 'https://r2.jjagd.net/_blazor'. @ https://r2.jjagd.net/_framework/blazor.web.qcnkhbt5lj.js:0
[22841708ms] [INFO] [2026-04-15T20:37:07.622Z] Information: WebSocket connected to wss://r2.jjagd.net/_blazor?id=QKZwfFy4Qnuiv9uUcB0-RA. @ https://r2.jjagd.net/_framework/blazor.web.qcnkhbt5lj.js:0
[23433705ms] [ERROR] [2026-04-15T20:46:59.618Z] Error: Connection disconnected with error 'Error: WebSocket closed with status code: 1006 (no reason given).'. @ https://r2.jjagd.net/_framework/blazor.web.qcnkhbt5lj.js:0
[23433712ms] [INFO] [2026-04-15T20:46:59.626Z] Information: Normalizing '_blazor' to 'https://r2.jjagd.net/_blazor'. @ https://r2.jjagd.net/_framework/blazor.web.qcnkhbt5lj.js:0
[23433981ms] [ERROR] Failed to load resource: the server responded with a status of 502 () @ https://r2.jjagd.net/_blazor/negotiate?negotiateVersion=1:0
[23433981ms] [ERROR] [2026-04-15T20:46:59.895Z] Error: Failed to complete negotiation with the server: Error: <html>
<head><title>502 Bad Gateway</title></head>
<body>
<center><h1>502 Bad Gateway</h1></center>
<hr><center>openresty</center>
</body>
</html>
<!-- a padding to disable MSIE and Chrome friendly error page -->
<!-- a padding to disable MSIE and Chrome friendly error page -->
<!-- a padding to disable MSIE and Chrome friendly error page -->
<!-- a padding to disable MSIE and Chrome friendly error page -->
<!-- a padding to disable MSIE and Chrome friendly error page -->
<!-- a padding to disable MSIE and Chrome friendly error page -->
: Status code '502' @ https://r2.jjagd.net/_framework/blazor.web.qcnkhbt5lj.js:0
[23433981ms] [ERROR] [2026-04-15T20:46:59.895Z] Error: Failed to start the connection: Error: Failed to complete negotiation with the server: Error: <html>
<head><title>502 Bad Gateway</title></head>
<body>
<center><h1>502 Bad Gateway</h1></center>
<hr><center>openresty</center>
</body>
</html>
<!-- a padding to disable MSIE and Chrome friendly error page -->
<!-- a padding to disable MSIE and Chrome friendly error page -->
<!-- a padding to disable MSIE and Chrome friendly error page -->
<!-- a padding to disable MSIE and Chrome friendly error page -->
<!-- a padding to disable MSIE and Chrome friendly error page -->
<!-- a padding to disable MSIE and Chrome friendly error page -->
: Status code '502' @ https://r2.jjagd.net/_framework/blazor.web.qcnkhbt5lj.js:0
[23433982ms] [ERROR] [2026-04-15T20:46:59.895Z] Error: Error: Failed to complete negotiation with the server: Error: <html>
<head><title>502 Bad Gateway</title></head>
<body>
<center><h1>502 Bad Gateway</h1></center>
<hr><center>openresty</center>
</body>
</html>
<!-- a padding to disable MSIE and Chrome friendly error page -->
<!-- a padding to disable MSIE and Chrome friendly error page -->
<!-- a padding to disable MSIE and Chrome friendly error page -->
<!-- a padding to disable MSIE and Chrome friendly error page -->
<!-- a padding to disable MSIE and Chrome friendly error page -->
<!-- a padding to disable MSIE and Chrome friendly error page -->
: Status code '502' @ https://r2.jjagd.net/_framework/blazor.web.qcnkhbt5lj.js:0
[23433982ms] [ERROR] [2026-04-15T20:46:59.895Z] Error: Error: Failed to complete negotiation with the server: Error: <html>
<head><title>502 Bad Gateway</title></head>
<body>
<center><h1>502 Bad Gateway</h1></center>
<hr><center>openresty</center>
</body>
</html>
<!-- a padding to disable MSIE and Chrome friendly error page -->
<!-- a padding to disable MSIE and Chrome friendly error page -->
<!-- a padding to disable MSIE and Chrome friendly error page -->
<!-- a padding to disable MSIE and Chrome friendly error page -->
<!-- a padding to disable MSIE and Chrome friendly error page -->
<!-- a padding to disable MSIE and Chrome friendly error page -->
: Status code '502' @ https://r2.jjagd.net/_framework/blazor.web.qcnkhbt5lj.js:0
[23433982ms] [INFO] [2026-04-15T20:46:59.896Z] Information: Normalizing '_blazor' to 'https://r2.jjagd.net/_blazor'. @ https://r2.jjagd.net/_framework/blazor.web.qcnkhbt5lj.js:0
[23433984ms] [ERROR] Failed to load resource: the server responded with a status of 502 () @ https://r2.jjagd.net/_blazor/negotiate?negotiateVersion=1:0
[23433985ms] [ERROR] [2026-04-15T20:46:59.898Z] Error: Failed to complete negotiation with the server: Error: <html>
<head><title>502 Bad Gateway</title></head>
<body>
<center><h1>502 Bad Gateway</h1></center>
<hr><center>openresty</center>
</body>
</html>
<!-- a padding to disable MSIE and Chrome friendly error page -->
<!-- a padding to disable MSIE and Chrome friendly error page -->
<!-- a padding to disable MSIE and Chrome friendly error page -->
<!-- a padding to disable MSIE and Chrome friendly error page -->
<!-- a padding to disable MSIE and Chrome friendly error page -->
<!-- a padding to disable MSIE and Chrome friendly error page -->
: Status code '502' @ https://r2.jjagd.net/_framework/blazor.web.qcnkhbt5lj.js:0
[23433985ms] [ERROR] [2026-04-15T20:46:59.898Z] Error: Failed to start the connection: Error: Failed to complete negotiation with the server: Error: <html>
<head><title>502 Bad Gateway</title></head>
<body>
<center><h1>502 Bad Gateway</h1></center>
<hr><center>openresty</center>
</body>
</html>
<!-- a padding to disable MSIE and Chrome friendly error page -->
<!-- a padding to disable MSIE and Chrome friendly error page -->
<!-- a padding to disable MSIE and Chrome friendly error page -->
<!-- a padding to disable MSIE and Chrome friendly error page -->
<!-- a padding to disable MSIE and Chrome friendly error page -->
<!-- a padding to disable MSIE and Chrome friendly error page -->
: Status code '502' @ https://r2.jjagd.net/_framework/blazor.web.qcnkhbt5lj.js:0
[23433985ms] [ERROR] [2026-04-15T20:46:59.898Z] Error: Error: Failed to complete negotiation with the server: Error: <html>
<head><title>502 Bad Gateway</title></head>
<body>
<center><h1>502 Bad Gateway</h1></center>
<hr><center>openresty</center>
</body>
</html>
<!-- a padding to disable MSIE and Chrome friendly error page -->
<!-- a padding to disable MSIE and Chrome friendly error page -->
<!-- a padding to disable MSIE and Chrome friendly error page -->
<!-- a padding to disable MSIE and Chrome friendly error page -->
<!-- a padding to disable MSIE and Chrome friendly error page -->
<!-- a padding to disable MSIE and Chrome friendly error page -->
: Status code '502' @ https://r2.jjagd.net/_framework/blazor.web.qcnkhbt5lj.js:0
[23433985ms] [ERROR] [2026-04-15T20:46:59.898Z] Error: Error: Failed to complete negotiation with the server: Error: <html>
<head><title>502 Bad Gateway</title></head>
<body>
<center><h1>502 Bad Gateway</h1></center>
<hr><center>openresty</center>
</body>
</html>
<!-- a padding to disable MSIE and Chrome friendly error page -->
<!-- a padding to disable MSIE and Chrome friendly error page -->
<!-- a padding to disable MSIE and Chrome friendly error page -->
<!-- a padding to disable MSIE and Chrome friendly error page -->
<!-- a padding to disable MSIE and Chrome friendly error page -->
<!-- a padding to disable MSIE and Chrome friendly error page -->
: Status code '502' @ https://r2.jjagd.net/_framework/blazor.web.qcnkhbt5lj.js:0
[23433985ms] [INFO] [2026-04-15T20:46:59.898Z] Information: Normalizing '_blazor' to 'https://r2.jjagd.net/_blazor'. @ https://r2.jjagd.net/_framework/blazor.web.qcnkhbt5lj.js:0
[23433986ms] [ERROR] Failed to load resource: the server responded with a status of 502 () @ https://r2.jjagd.net/_blazor/negotiate?negotiateVersion=1:0
[23433987ms] [ERROR] [2026-04-15T20:46:59.900Z] Error: Failed to complete negotiation with the server: Error: <html>
<head><title>502 Bad Gateway</title></head>
<body>
<center><h1>502 Bad Gateway</h1></center>
<hr><center>openresty</center>
</body>
</html>
<!-- a padding to disable MSIE and Chrome friendly error page -->
<!-- a padding to disable MSIE and Chrome friendly error page -->
<!-- a padding to disable MSIE and Chrome friendly error page -->
<!-- a padding to disable MSIE and Chrome friendly error page -->
<!-- a padding to disable MSIE and Chrome friendly error page -->
<!-- a padding to disable MSIE and Chrome friendly error page -->
: Status code '502' @ https://r2.jjagd.net/_framework/blazor.web.qcnkhbt5lj.js:0
[23433987ms] [ERROR] [2026-04-15T20:46:59.900Z] Error: Failed to start the connection: Error: Failed to complete negotiation with the server: Error: <html>
<head><title>502 Bad Gateway</title></head>
<body>
<center><h1>502 Bad Gateway</h1></center>
<hr><center>openresty</center>
</body>
</html>
<!-- a padding to disable MSIE and Chrome friendly error page -->
<!-- a padding to disable MSIE and Chrome friendly error page -->
<!-- a padding to disable MSIE and Chrome friendly error page -->
<!-- a padding to disable MSIE and Chrome friendly error page -->
<!-- a padding to disable MSIE and Chrome friendly error page -->
<!-- a padding to disable MSIE and Chrome friendly error page -->
: Status code '502' @ https://r2.jjagd.net/_framework/blazor.web.qcnkhbt5lj.js:0
[23433987ms] [ERROR] [2026-04-15T20:46:59.900Z] Error: Error: Failed to complete negotiation with the server: Error: <html>
<head><title>502 Bad Gateway</title></head>
<body>
<center><h1>502 Bad Gateway</h1></center>
<hr><center>openresty</center>
</body>
</html>
<!-- a padding to disable MSIE and Chrome friendly error page -->
<!-- a padding to disable MSIE and Chrome friendly error page -->
<!-- a padding to disable MSIE and Chrome friendly error page -->
<!-- a padding to disable MSIE and Chrome friendly error page -->
<!-- a padding to disable MSIE and Chrome friendly error page -->
<!-- a padding to disable MSIE and Chrome friendly error page -->
: Status code '502' @ https://r2.jjagd.net/_framework/blazor.web.qcnkhbt5lj.js:0
[23433987ms] [ERROR] [2026-04-15T20:46:59.900Z] Error: Error: Failed to complete negotiation with the server: Error: <html>
<head><title>502 Bad Gateway</title></head>
<body>
<center><h1>502 Bad Gateway</h1></center>
<hr><center>openresty</center>
</body>
</html>
<!-- a padding to disable MSIE and Chrome friendly error page -->
<!-- a padding to disable MSIE and Chrome friendly error page -->
<!-- a padding to disable MSIE and Chrome friendly error page -->
<!-- a padding to disable MSIE and Chrome friendly error page -->
<!-- a padding to disable MSIE and Chrome friendly error page -->
<!-- a padding to disable MSIE and Chrome friendly error page -->
: Status code '502' @ https://r2.jjagd.net/_framework/blazor.web.qcnkhbt5lj.js:0
[23433987ms] [INFO] [2026-04-15T20:46:59.900Z] Information: Normalizing '_blazor' to 'https://r2.jjagd.net/_blazor'. @ https://r2.jjagd.net/_framework/blazor.web.qcnkhbt5lj.js:0
[23433988ms] [ERROR] Failed to load resource: the server responded with a status of 502 () @ https://r2.jjagd.net/_blazor/negotiate?negotiateVersion=1:0
[23433989ms] [ERROR] [2026-04-15T20:46:59.902Z] Error: Failed to complete negotiation with the server: Error: <html>
<head><title>502 Bad Gateway</title></head>
<body>
<center><h1>502 Bad Gateway</h1></center>
<hr><center>openresty</center>
</body>
</html>
<!-- a padding to disable MSIE and Chrome friendly error page -->
<!-- a padding to disable MSIE and Chrome friendly error page -->
<!-- a padding to disable MSIE and Chrome friendly error page -->
<!-- a padding to disable MSIE and Chrome friendly error page -->
<!-- a padding to disable MSIE and Chrome friendly error page -->
<!-- a padding to disable MSIE and Chrome friendly error page -->
: Status code '502' @ https://r2.jjagd.net/_framework/blazor.web.qcnkhbt5lj.js:0
[23433989ms] [ERROR] [2026-04-15T20:46:59.902Z] Error: Failed to start the connection: Error: Failed to complete negotiation with the server: Error: <html>
<head><title>502 Bad Gateway</title></head>
<body>
<center><h1>502 Bad Gateway</h1></center>
<hr><center>openresty</center>
</body>
</html>
<!-- a padding to disable MSIE and Chrome friendly error page -->
<!-- a padding to disable MSIE and Chrome friendly error page -->
<!-- a padding to disable MSIE and Chrome friendly error page -->
<!-- a padding to disable MSIE and Chrome friendly error page -->
<!-- a padding to disable MSIE and Chrome friendly error page -->
<!-- a padding to disable MSIE and Chrome friendly error page -->
: Status code '502' @ https://r2.jjagd.net/_framework/blazor.web.qcnkhbt5lj.js:0
[23433989ms] [ERROR] [2026-04-15T20:46:59.902Z] Error: Error: Failed to complete negotiation with the server: Error: <html>
<head><title>502 Bad Gateway</title></head>
<body>
<center><h1>502 Bad Gateway</h1></center>
<hr><center>openresty</center>
</body>
</html>
<!-- a padding to disable MSIE and Chrome friendly error page -->
<!-- a padding to disable MSIE and Chrome friendly error page -->
<!-- a padding to disable MSIE and Chrome friendly error page -->
<!-- a padding to disable MSIE and Chrome friendly error page -->
<!-- a padding to disable MSIE and Chrome friendly error page -->
<!-- a padding to disable MSIE and Chrome friendly error page -->
: Status code '502' @ https://r2.jjagd.net/_framework/blazor.web.qcnkhbt5lj.js:0
[23433989ms] [ERROR] [2026-04-15T20:46:59.902Z] Error: Error: Failed to complete negotiation with the server: Error: <html>
<head><title>502 Bad Gateway</title></head>
<body>
<center><h1>502 Bad Gateway</h1></center>
<hr><center>openresty</center>
</body>
</html>
<!-- a padding to disable MSIE and Chrome friendly error page -->
<!-- a padding to disable MSIE and Chrome friendly error page -->
<!-- a padding to disable MSIE and Chrome friendly error page -->
<!-- a padding to disable MSIE and Chrome friendly error page -->
<!-- a padding to disable MSIE and Chrome friendly error page -->
<!-- a padding to disable MSIE and Chrome friendly error page -->
: Status code '502' @ https://r2.jjagd.net/_framework/blazor.web.qcnkhbt5lj.js:0
[23433989ms] [INFO] [2026-04-15T20:46:59.902Z] Information: Normalizing '_blazor' to 'https://r2.jjagd.net/_blazor'. @ https://r2.jjagd.net/_framework/blazor.web.qcnkhbt5lj.js:0
[23433990ms] [ERROR] Failed to load resource: the server responded with a status of 502 () @ https://r2.jjagd.net/_blazor/negotiate?negotiateVersion=1:0
[23433991ms] [ERROR] [2026-04-15T20:46:59.904Z] Error: Failed to complete negotiation with the server: Error: <html>
<head><title>502 Bad Gateway</title></head>
<body>
<center><h1>502 Bad Gateway</h1></center>
<hr><center>openresty</center>
</body>
</html>
<!-- a padding to disable MSIE and Chrome friendly error page -->
<!-- a padding to disable MSIE and Chrome friendly error page -->
<!-- a padding to disable MSIE and Chrome friendly error page -->
<!-- a padding to disable MSIE and Chrome friendly error page -->
<!-- a padding to disable MSIE and Chrome friendly error page -->
<!-- a padding to disable MSIE and Chrome friendly error page -->
: Status code '502' @ https://r2.jjagd.net/_framework/blazor.web.qcnkhbt5lj.js:0
[23433991ms] [ERROR] [2026-04-15T20:46:59.904Z] Error: Failed to start the connection: Error: Failed to complete negotiation with the server: Error: <html>
<head><title>502 Bad Gateway</title></head>
<body>
<center><h1>502 Bad Gateway</h1></center>
<hr><center>openresty</center>
</body>
</html>
<!-- a padding to disable MSIE and Chrome friendly error page -->
<!-- a padding to disable MSIE and Chrome friendly error page -->
<!-- a padding to disable MSIE and Chrome friendly error page -->
<!-- a padding to disable MSIE and Chrome friendly error page -->
<!-- a padding to disable MSIE and Chrome friendly error page -->
<!-- a padding to disable MSIE and Chrome friendly error page -->
: Status code '502' @ https://r2.jjagd.net/_framework/blazor.web.qcnkhbt5lj.js:0
[23433991ms] [ERROR] [2026-04-15T20:46:59.904Z] Error: Error: Failed to complete negotiation with the server: Error: <html>
<head><title>502 Bad Gateway</title></head>
<body>
<center><h1>502 Bad Gateway</h1></center>
<hr><center>openresty</center>
</body>
</html>
<!-- a padding to disable MSIE and Chrome friendly error page -->
<!-- a padding to disable MSIE and Chrome friendly error page -->
<!-- a padding to disable MSIE and Chrome friendly error page -->
<!-- a padding to disable MSIE and Chrome friendly error page -->
<!-- a padding to disable MSIE and Chrome friendly error page -->
<!-- a padding to disable MSIE and Chrome friendly error page -->
: Status code '502' @ https://r2.jjagd.net/_framework/blazor.web.qcnkhbt5lj.js:0
[23433991ms] [ERROR] [2026-04-15T20:46:59.904Z] Error: Error: Failed to complete negotiation with the server: Error: <html>
<head><title>502 Bad Gateway</title></head>
<body>
<center><h1>502 Bad Gateway</h1></center>
<hr><center>openresty</center>
</body>
</html>
<!-- a padding to disable MSIE and Chrome friendly error page -->
<!-- a padding to disable MSIE and Chrome friendly error page -->
<!-- a padding to disable MSIE and Chrome friendly error page -->
<!-- a padding to disable MSIE and Chrome friendly error page -->
<!-- a padding to disable MSIE and Chrome friendly error page -->
<!-- a padding to disable MSIE and Chrome friendly error page -->
: Status code '502' @ https://r2.jjagd.net/_framework/blazor.web.qcnkhbt5lj.js:0
[23433991ms] [INFO] [2026-04-15T20:46:59.904Z] Information: Normalizing '_blazor' to 'https://r2.jjagd.net/_blazor'. @ https://r2.jjagd.net/_framework/blazor.web.qcnkhbt5lj.js:0
[23433993ms] [ERROR] Failed to load resource: the server responded with a status of 502 () @ https://r2.jjagd.net/_blazor/negotiate?negotiateVersion=1:0
[23433993ms] [ERROR] [2026-04-15T20:46:59.907Z] Error: Failed to complete negotiation with the server: Error: <html>
<head><title>502 Bad Gateway</title></head>
<body>
<center><h1>502 Bad Gateway</h1></center>
<hr><center>openresty</center>
</body>
</html>
<!-- a padding to disable MSIE and Chrome friendly error page -->
<!-- a padding to disable MSIE and Chrome friendly error page -->
<!-- a padding to disable MSIE and Chrome friendly error page -->
<!-- a padding to disable MSIE and Chrome friendly error page -->
<!-- a padding to disable MSIE and Chrome friendly error page -->
<!-- a padding to disable MSIE and Chrome friendly error page -->
: Status code '502' @ https://r2.jjagd.net/_framework/blazor.web.qcnkhbt5lj.js:0
[23433993ms] [ERROR] [2026-04-15T20:46:59.907Z] Error: Failed to start the connection: Error: Failed to complete negotiation with the server: Error: <html>
<head><title>502 Bad Gateway</title></head>
<body>
<center><h1>502 Bad Gateway</h1></center>
<hr><center>openresty</center>
</body>
</html>
<!-- a padding to disable MSIE and Chrome friendly error page -->
<!-- a padding to disable MSIE and Chrome friendly error page -->
<!-- a padding to disable MSIE and Chrome friendly error page -->
<!-- a padding to disable MSIE and Chrome friendly error page -->
<!-- a padding to disable MSIE and Chrome friendly error page -->
<!-- a padding to disable MSIE and Chrome friendly error page -->
: Status code '502' @ https://r2.jjagd.net/_framework/blazor.web.qcnkhbt5lj.js:0
[23433993ms] [ERROR] [2026-04-15T20:46:59.907Z] Error: Error: Failed to complete negotiation with the server: Error: <html>
<head><title>502 Bad Gateway</title></head>
<body>
<center><h1>502 Bad Gateway</h1></center>
<hr><center>openresty</center>
</body>
</html>
<!-- a padding to disable MSIE and Chrome friendly error page -->
<!-- a padding to disable MSIE and Chrome friendly error page -->
<!-- a padding to disable MSIE and Chrome friendly error page -->
<!-- a padding to disable MSIE and Chrome friendly error page -->
<!-- a padding to disable MSIE and Chrome friendly error page -->
<!-- a padding to disable MSIE and Chrome friendly error page -->
: Status code '502' @ https://r2.jjagd.net/_framework/blazor.web.qcnkhbt5lj.js:0
[23433993ms] [ERROR] [2026-04-15T20:46:59.907Z] Error: Error: Failed to complete negotiation with the server: Error: <html>
<head><title>502 Bad Gateway</title></head>
<body>
<center><h1>502 Bad Gateway</h1></center>
<hr><center>openresty</center>
</body>
</html>
<!-- a padding to disable MSIE and Chrome friendly error page -->
<!-- a padding to disable MSIE and Chrome friendly error page -->
<!-- a padding to disable MSIE and Chrome friendly error page -->
<!-- a padding to disable MSIE and Chrome friendly error page -->
<!-- a padding to disable MSIE and Chrome friendly error page -->
<!-- a padding to disable MSIE and Chrome friendly error page -->
: Status code '502' @ https://r2.jjagd.net/_framework/blazor.web.qcnkhbt5lj.js:0
[23433993ms] [INFO] [2026-04-15T20:46:59.907Z] Information: Normalizing '_blazor' to 'https://r2.jjagd.net/_blazor'. @ https://r2.jjagd.net/_framework/blazor.web.qcnkhbt5lj.js:0
[23433996ms] [ERROR] Failed to load resource: the server responded with a status of 502 () @ https://r2.jjagd.net/_blazor/negotiate?negotiateVersion=1:0
[23433996ms] [ERROR] [2026-04-15T20:46:59.909Z] Error: Failed to complete negotiation with the server: Error: <html>
<head><title>502 Bad Gateway</title></head>
<body>
<center><h1>502 Bad Gateway</h1></center>
<hr><center>openresty</center>
</body>
</html>
<!-- a padding to disable MSIE and Chrome friendly error page -->
<!-- a padding to disable MSIE and Chrome friendly error page -->
<!-- a padding to disable MSIE and Chrome friendly error page -->
<!-- a padding to disable MSIE and Chrome friendly error page -->
<!-- a padding to disable MSIE and Chrome friendly error page -->
<!-- a padding to disable MSIE and Chrome friendly error page -->
: Status code '502' @ https://r2.jjagd.net/_framework/blazor.web.qcnkhbt5lj.js:0
[23433996ms] [ERROR] [2026-04-15T20:46:59.909Z] Error: Failed to start the connection: Error: Failed to complete negotiation with the server: Error: <html>
<head><title>502 Bad Gateway</title></head>
<body>
<center><h1>502 Bad Gateway</h1></center>
<hr><center>openresty</center>
</body>
</html>
<!-- a padding to disable MSIE and Chrome friendly error page -->
<!-- a padding to disable MSIE and Chrome friendly error page -->
<!-- a padding to disable MSIE and Chrome friendly error page -->
<!-- a padding to disable MSIE and Chrome friendly error page -->
<!-- a padding to disable MSIE and Chrome friendly error page -->
<!-- a padding to disable MSIE and Chrome friendly error page -->
: Status code '502' @ https://r2.jjagd.net/_framework/blazor.web.qcnkhbt5lj.js:0
[23433996ms] [ERROR] [2026-04-15T20:46:59.909Z] Error: Error: Failed to complete negotiation with the server: Error: <html>
<head><title>502 Bad Gateway</title></head>
<body>
<center><h1>502 Bad Gateway</h1></center>
<hr><center>openresty</center>
</body>
</html>
<!-- a padding to disable MSIE and Chrome friendly error page -->
<!-- a padding to disable MSIE and Chrome friendly error page -->
<!-- a padding to disable MSIE and Chrome friendly error page -->
<!-- a padding to disable MSIE and Chrome friendly error page -->
<!-- a padding to disable MSIE and Chrome friendly error page -->
<!-- a padding to disable MSIE and Chrome friendly error page -->
: Status code '502' @ https://r2.jjagd.net/_framework/blazor.web.qcnkhbt5lj.js:0
[23433996ms] [ERROR] [2026-04-15T20:46:59.909Z] Error: Error: Failed to complete negotiation with the server: Error: <html>
<head><title>502 Bad Gateway</title></head>
<body>
<center><h1>502 Bad Gateway</h1></center>
<hr><center>openresty</center>
</body>
</html>
<!-- a padding to disable MSIE and Chrome friendly error page -->
<!-- a padding to disable MSIE and Chrome friendly error page -->
<!-- a padding to disable MSIE and Chrome friendly error page -->
<!-- a padding to disable MSIE and Chrome friendly error page -->
<!-- a padding to disable MSIE and Chrome friendly error page -->
<!-- a padding to disable MSIE and Chrome friendly error page -->
: Status code '502' @ https://r2.jjagd.net/_framework/blazor.web.qcnkhbt5lj.js:0
[23433996ms] [INFO] [2026-04-15T20:46:59.909Z] Information: Normalizing '_blazor' to 'https://r2.jjagd.net/_blazor'. @ https://r2.jjagd.net/_framework/blazor.web.qcnkhbt5lj.js:0
[23433997ms] [ERROR] Failed to load resource: the server responded with a status of 502 () @ https://r2.jjagd.net/_blazor/negotiate?negotiateVersion=1:0
[23433998ms] [ERROR] [2026-04-15T20:46:59.911Z] Error: Failed to complete negotiation with the server: Error: <html>
<head><title>502 Bad Gateway</title></head>
<body>
<center><h1>502 Bad Gateway</h1></center>
<hr><center>openresty</center>
</body>
</html>
<!-- a padding to disable MSIE and Chrome friendly error page -->
<!-- a padding to disable MSIE and Chrome friendly error page -->
<!-- a padding to disable MSIE and Chrome friendly error page -->
<!-- a padding to disable MSIE and Chrome friendly error page -->
<!-- a padding to disable MSIE and Chrome friendly error page -->
<!-- a padding to disable MSIE and Chrome friendly error page -->
: Status code '502' @ https://r2.jjagd.net/_framework/blazor.web.qcnkhbt5lj.js:0
[23433998ms] [ERROR] [2026-04-15T20:46:59.911Z] Error: Failed to start the connection: Error: Failed to complete negotiation with the server: Error: <html>
<head><title>502 Bad Gateway</title></head>
<body>
<center><h1>502 Bad Gateway</h1></center>
<hr><center>openresty</center>
</body>
</html>
<!-- a padding to disable MSIE and Chrome friendly error page -->
<!-- a padding to disable MSIE and Chrome friendly error page -->
<!-- a padding to disable MSIE and Chrome friendly error page -->
<!-- a padding to disable MSIE and Chrome friendly error page -->
<!-- a padding to disable MSIE and Chrome friendly error page -->
<!-- a padding to disable MSIE and Chrome friendly error page -->
: Status code '502' @ https://r2.jjagd.net/_framework/blazor.web.qcnkhbt5lj.js:0
[23433998ms] [ERROR] [2026-04-15T20:46:59.911Z] Error: Error: Failed to complete negotiation with the server: Error: <html>
<head><title>502 Bad Gateway</title></head>
<body>
<center><h1>502 Bad Gateway</h1></center>
<hr><center>openresty</center>
</body>
</html>
<!-- a padding to disable MSIE and Chrome friendly error page -->
<!-- a padding to disable MSIE and Chrome friendly error page -->
<!-- a padding to disable MSIE and Chrome friendly error page -->
<!-- a padding to disable MSIE and Chrome friendly error page -->
<!-- a padding to disable MSIE and Chrome friendly error page -->
<!-- a padding to disable MSIE and Chrome friendly error page -->
: Status code '502' @ https://r2.jjagd.net/_framework/blazor.web.qcnkhbt5lj.js:0
[23433998ms] [ERROR] [2026-04-15T20:46:59.911Z] Error: Error: Failed to complete negotiation with the server: Error: <html>
<head><title>502 Bad Gateway</title></head>
<body>
<center><h1>502 Bad Gateway</h1></center>
<hr><center>openresty</center>
</body>
</html>
<!-- a padding to disable MSIE and Chrome friendly error page -->
<!-- a padding to disable MSIE and Chrome friendly error page -->
<!-- a padding to disable MSIE and Chrome friendly error page -->
<!-- a padding to disable MSIE and Chrome friendly error page -->
<!-- a padding to disable MSIE and Chrome friendly error page -->
<!-- a padding to disable MSIE and Chrome friendly error page -->
: Status code '502' @ https://r2.jjagd.net/_framework/blazor.web.qcnkhbt5lj.js:0
[23433998ms] [INFO] [2026-04-15T20:46:59.911Z] Information: Normalizing '_blazor' to 'https://r2.jjagd.net/_blazor'. @ https://r2.jjagd.net/_framework/blazor.web.qcnkhbt5lj.js:0
[23433999ms] [ERROR] Failed to load resource: the server responded with a status of 502 () @ https://r2.jjagd.net/_blazor/negotiate?negotiateVersion=1:0
[23434000ms] [ERROR] [2026-04-15T20:46:59.913Z] Error: Failed to complete negotiation with the server: Error: <html>
<head><title>502 Bad Gateway</title></head>
<body>
<center><h1>502 Bad Gateway</h1></center>
<hr><center>openresty</center>
</body>
</html>
<!-- a padding to disable MSIE and Chrome friendly error page -->
<!-- a padding to disable MSIE and Chrome friendly error page -->
<!-- a padding to disable MSIE and Chrome friendly error page -->
<!-- a padding to disable MSIE and Chrome friendly error page -->
<!-- a padding to disable MSIE and Chrome friendly error page -->
<!-- a padding to disable MSIE and Chrome friendly error page -->
: Status code '502' @ https://r2.jjagd.net/_framework/blazor.web.qcnkhbt5lj.js:0
[23434000ms] [ERROR] [2026-04-15T20:46:59.913Z] Error: Failed to start the connection: Error: Failed to complete negotiation with the server: Error: <html>
<head><title>502 Bad Gateway</title></head>
<body>
<center><h1>502 Bad Gateway</h1></center>
<hr><center>openresty</center>
</body>
</html>
<!-- a padding to disable MSIE and Chrome friendly error page -->
<!-- a padding to disable MSIE and Chrome friendly error page -->
<!-- a padding to disable MSIE and Chrome friendly error page -->
<!-- a padding to disable MSIE and Chrome friendly error page -->
<!-- a padding to disable MSIE and Chrome friendly error page -->
<!-- a padding to disable MSIE and Chrome friendly error page -->
: Status code '502' @ https://r2.jjagd.net/_framework/blazor.web.qcnkhbt5lj.js:0
[23434000ms] [ERROR] [2026-04-15T20:46:59.913Z] Error: Error: Failed to complete negotiation with the server: Error: <html>
<head><title>502 Bad Gateway</title></head>
<body>
<center><h1>502 Bad Gateway</h1></center>
<hr><center>openresty</center>
</body>
</html>
<!-- a padding to disable MSIE and Chrome friendly error page -->
<!-- a padding to disable MSIE and Chrome friendly error page -->
<!-- a padding to disable MSIE and Chrome friendly error page -->
<!-- a padding to disable MSIE and Chrome friendly error page -->
<!-- a padding to disable MSIE and Chrome friendly error page -->
<!-- a padding to disable MSIE and Chrome friendly error page -->
: Status code '502' @ https://r2.jjagd.net/_framework/blazor.web.qcnkhbt5lj.js:0
[23434000ms] [ERROR] [2026-04-15T20:46:59.913Z] Error: Error: Failed to complete negotiation with the server: Error: <html>
<head><title>502 Bad Gateway</title></head>
<body>
<center><h1>502 Bad Gateway</h1></center>
<hr><center>openresty</center>
</body>
</html>
<!-- a padding to disable MSIE and Chrome friendly error page -->
<!-- a padding to disable MSIE and Chrome friendly error page -->
<!-- a padding to disable MSIE and Chrome friendly error page -->
<!-- a padding to disable MSIE and Chrome friendly error page -->
<!-- a padding to disable MSIE and Chrome friendly error page -->
<!-- a padding to disable MSIE and Chrome friendly error page -->
: Status code '502' @ https://r2.jjagd.net/_framework/blazor.web.qcnkhbt5lj.js:0
[23434000ms] [INFO] [2026-04-15T20:46:59.913Z] Information: Normalizing '_blazor' to 'https://r2.jjagd.net/_blazor'. @ https://r2.jjagd.net/_framework/blazor.web.qcnkhbt5lj.js:0
[23434002ms] [ERROR] Failed to load resource: the server responded with a status of 502 () @ https://r2.jjagd.net/_blazor/negotiate?negotiateVersion=1:0
[23434002ms] [ERROR] [2026-04-15T20:46:59.915Z] Error: Failed to complete negotiation with the server: Error: <html>
<head><title>502 Bad Gateway</title></head>
<body>
<center><h1>502 Bad Gateway</h1></center>
<hr><center>openresty</center>
</body>
</html>
<!-- a padding to disable MSIE and Chrome friendly error page -->
<!-- a padding to disable MSIE and Chrome friendly error page -->
<!-- a padding to disable MSIE and Chrome friendly error page -->
<!-- a padding to disable MSIE and Chrome friendly error page -->
<!-- a padding to disable MSIE and Chrome friendly error page -->
<!-- a padding to disable MSIE and Chrome friendly error page -->
: Status code '502' @ https://r2.jjagd.net/_framework/blazor.web.qcnkhbt5lj.js:0
[23434002ms] [ERROR] [2026-04-15T20:46:59.915Z] Error: Failed to start the connection: Error: Failed to complete negotiation with the server: Error: <html>
<head><title>502 Bad Gateway</title></head>
<body>
<center><h1>502 Bad Gateway</h1></center>
<hr><center>openresty</center>
</body>
</html>
<!-- a padding to disable MSIE and Chrome friendly error page -->
<!-- a padding to disable MSIE and Chrome friendly error page -->
<!-- a padding to disable MSIE and Chrome friendly error page -->
<!-- a padding to disable MSIE and Chrome friendly error page -->
<!-- a padding to disable MSIE and Chrome friendly error page -->
<!-- a padding to disable MSIE and Chrome friendly error page -->
: Status code '502' @ https://r2.jjagd.net/_framework/blazor.web.qcnkhbt5lj.js:0
[23434002ms] [ERROR] [2026-04-15T20:46:59.915Z] Error: Error: Failed to complete negotiation with the server: Error: <html>
<head><title>502 Bad Gateway</title></head>
<body>
<center><h1>502 Bad Gateway</h1></center>
<hr><center>openresty</center>
</body>
</html>
<!-- a padding to disable MSIE and Chrome friendly error page -->
<!-- a padding to disable MSIE and Chrome friendly error page -->
<!-- a padding to disable MSIE and Chrome friendly error page -->
<!-- a padding to disable MSIE and Chrome friendly error page -->
<!-- a padding to disable MSIE and Chrome friendly error page -->
<!-- a padding to disable MSIE and Chrome friendly error page -->
: Status code '502' @ https://r2.jjagd.net/_framework/blazor.web.qcnkhbt5lj.js:0
[23434002ms] [ERROR] [2026-04-15T20:46:59.915Z] Error: Error: Failed to complete negotiation with the server: Error: <html>
<head><title>502 Bad Gateway</title></head>
<body>
<center><h1>502 Bad Gateway</h1></center>
<hr><center>openresty</center>
</body>
</html>
<!-- a padding to disable MSIE and Chrome friendly error page -->
<!-- a padding to disable MSIE and Chrome friendly error page -->
<!-- a padding to disable MSIE and Chrome friendly error page -->
<!-- a padding to disable MSIE and Chrome friendly error page -->
<!-- a padding to disable MSIE and Chrome friendly error page -->
<!-- a padding to disable MSIE and Chrome friendly error page -->
: Status code '502' @ https://r2.jjagd.net/_framework/blazor.web.qcnkhbt5lj.js:0
[23439004ms] [INFO] [2026-04-15T20:47:04.917Z] Information: Normalizing '_blazor' to 'https://r2.jjagd.net/_blazor'. @ https://r2.jjagd.net/_framework/blazor.web.qcnkhbt5lj.js:0
[23439027ms] [ERROR] Failed to load resource: the server responded with a status of 502 () @ https://r2.jjagd.net/_blazor/negotiate?negotiateVersion=1:0
[23439027ms] [ERROR] [2026-04-15T20:47:04.940Z] Error: Failed to complete negotiation with the server: Error: <html>
<head><title>502 Bad Gateway</title></head>
<body>
<center><h1>502 Bad Gateway</h1></center>
<hr><center>openresty</center>
</body>
</html>
<!-- a padding to disable MSIE and Chrome friendly error page -->
<!-- a padding to disable MSIE and Chrome friendly error page -->
<!-- a padding to disable MSIE and Chrome friendly error page -->
<!-- a padding to disable MSIE and Chrome friendly error page -->
<!-- a padding to disable MSIE and Chrome friendly error page -->
<!-- a padding to disable MSIE and Chrome friendly error page -->
: Status code '502' @ https://r2.jjagd.net/_framework/blazor.web.qcnkhbt5lj.js:0
[23439027ms] [ERROR] [2026-04-15T20:47:04.940Z] Error: Failed to start the connection: Error: Failed to complete negotiation with the server: Error: <html>
<head><title>502 Bad Gateway</title></head>
<body>
<center><h1>502 Bad Gateway</h1></center>
<hr><center>openresty</center>
</body>
</html>
<!-- a padding to disable MSIE and Chrome friendly error page -->
<!-- a padding to disable MSIE and Chrome friendly error page -->
<!-- a padding to disable MSIE and Chrome friendly error page -->
<!-- a padding to disable MSIE and Chrome friendly error page -->
<!-- a padding to disable MSIE and Chrome friendly error page -->
<!-- a padding to disable MSIE and Chrome friendly error page -->
: Status code '502' @ https://r2.jjagd.net/_framework/blazor.web.qcnkhbt5lj.js:0
[23439027ms] [ERROR] [2026-04-15T20:47:04.941Z] Error: Error: Failed to complete negotiation with the server: Error: <html>
<head><title>502 Bad Gateway</title></head>
<body>
<center><h1>502 Bad Gateway</h1></center>
<hr><center>openresty</center>
</body>
</html>
<!-- a padding to disable MSIE and Chrome friendly error page -->
<!-- a padding to disable MSIE and Chrome friendly error page -->
<!-- a padding to disable MSIE and Chrome friendly error page -->
<!-- a padding to disable MSIE and Chrome friendly error page -->
<!-- a padding to disable MSIE and Chrome friendly error page -->
<!-- a padding to disable MSIE and Chrome friendly error page -->
: Status code '502' @ https://r2.jjagd.net/_framework/blazor.web.qcnkhbt5lj.js:0
[23439027ms] [ERROR] [2026-04-15T20:47:04.941Z] Error: Error: Failed to complete negotiation with the server: Error: <html>
<head><title>502 Bad Gateway</title></head>
<body>
<center><h1>502 Bad Gateway</h1></center>
<hr><center>openresty</center>
</body>
</html>
<!-- a padding to disable MSIE and Chrome friendly error page -->
<!-- a padding to disable MSIE and Chrome friendly error page -->
<!-- a padding to disable MSIE and Chrome friendly error page -->
<!-- a padding to disable MSIE and Chrome friendly error page -->
<!-- a padding to disable MSIE and Chrome friendly error page -->
<!-- a padding to disable MSIE and Chrome friendly error page -->
: Status code '502' @ https://r2.jjagd.net/_framework/blazor.web.qcnkhbt5lj.js:0
[23444029ms] [INFO] [2026-04-15T20:47:09.943Z] Information: Normalizing '_blazor' to 'https://r2.jjagd.net/_blazor'. @ https://r2.jjagd.net/_framework/blazor.web.qcnkhbt5lj.js:0
[23444032ms] [ERROR] Failed to load resource: the server responded with a status of 502 () @ https://r2.jjagd.net/_blazor/negotiate?negotiateVersion=1:0
[23444033ms] [ERROR] [2026-04-15T20:47:09.946Z] Error: Failed to complete negotiation with the server: Error: <html>
<head><title>502 Bad Gateway</title></head>
<body>
<center><h1>502 Bad Gateway</h1></center>
<hr><center>openresty</center>
</body>
</html>
<!-- a padding to disable MSIE and Chrome friendly error page -->
<!-- a padding to disable MSIE and Chrome friendly error page -->
<!-- a padding to disable MSIE and Chrome friendly error page -->
<!-- a padding to disable MSIE and Chrome friendly error page -->
<!-- a padding to disable MSIE and Chrome friendly error page -->
<!-- a padding to disable MSIE and Chrome friendly error page -->
: Status code '502' @ https://r2.jjagd.net/_framework/blazor.web.qcnkhbt5lj.js:0
[23444033ms] [ERROR] [2026-04-15T20:47:09.946Z] Error: Failed to start the connection: Error: Failed to complete negotiation with the server: Error: <html>
<head><title>502 Bad Gateway</title></head>
<body>
<center><h1>502 Bad Gateway</h1></center>
<hr><center>openresty</center>
</body>
</html>
<!-- a padding to disable MSIE and Chrome friendly error page -->
<!-- a padding to disable MSIE and Chrome friendly error page -->
<!-- a padding to disable MSIE and Chrome friendly error page -->
<!-- a padding to disable MSIE and Chrome friendly error page -->
<!-- a padding to disable MSIE and Chrome friendly error page -->
<!-- a padding to disable MSIE and Chrome friendly error page -->
: Status code '502' @ https://r2.jjagd.net/_framework/blazor.web.qcnkhbt5lj.js:0
[23444033ms] [ERROR] [2026-04-15T20:47:09.946Z] Error: Error: Failed to complete negotiation with the server: Error: <html>
<head><title>502 Bad Gateway</title></head>
<body>
<center><h1>502 Bad Gateway</h1></center>
<hr><center>openresty</center>
</body>
</html>
<!-- a padding to disable MSIE and Chrome friendly error page -->
<!-- a padding to disable MSIE and Chrome friendly error page -->
<!-- a padding to disable MSIE and Chrome friendly error page -->
<!-- a padding to disable MSIE and Chrome friendly error page -->
<!-- a padding to disable MSIE and Chrome friendly error page -->
<!-- a padding to disable MSIE and Chrome friendly error page -->
: Status code '502' @ https://r2.jjagd.net/_framework/blazor.web.qcnkhbt5lj.js:0
[23444033ms] [ERROR] [2026-04-15T20:47:09.946Z] Error: Error: Failed to complete negotiation with the server: Error: <html>
<head><title>502 Bad Gateway</title></head>
<body>
<center><h1>502 Bad Gateway</h1></center>
<hr><center>openresty</center>
</body>
</html>
<!-- a padding to disable MSIE and Chrome friendly error page -->
<!-- a padding to disable MSIE and Chrome friendly error page -->
<!-- a padding to disable MSIE and Chrome friendly error page -->
<!-- a padding to disable MSIE and Chrome friendly error page -->
<!-- a padding to disable MSIE and Chrome friendly error page -->
<!-- a padding to disable MSIE and Chrome friendly error page -->
: Status code '502' @ https://r2.jjagd.net/_framework/blazor.web.qcnkhbt5lj.js:0
[23449035ms] [INFO] [2026-04-15T20:47:14.948Z] Information: Normalizing '_blazor' to 'https://r2.jjagd.net/_blazor'. @ https://r2.jjagd.net/_framework/blazor.web.qcnkhbt5lj.js:0
[23449449ms] [ERROR] Failed to load resource: net::ERR_SSL_UNRECOGNIZED_NAME_ALERT @ https://r2.jjagd.net/_blazor/negotiate?negotiateVersion=1:0
[23449449ms] [WARNING] [2026-04-15T20:47:15.362Z] Warning: Error from HTTP request. TypeError: Failed to fetch. @ https://r2.jjagd.net/_framework/blazor.web.qcnkhbt5lj.js:0
[23449449ms] [ERROR] [2026-04-15T20:47:15.362Z] Error: Failed to complete negotiation with the server: TypeError: Failed to fetch @ https://r2.jjagd.net/_framework/blazor.web.qcnkhbt5lj.js:0
[23449449ms] [ERROR] [2026-04-15T20:47:15.362Z] Error: Failed to start the connection: Error: Failed to complete negotiation with the server: TypeError: Failed to fetch @ https://r2.jjagd.net/_framework/blazor.web.qcnkhbt5lj.js:0
[23449449ms] [ERROR] [2026-04-15T20:47:15.362Z] Error: Error: Failed to complete negotiation with the server: TypeError: Failed to fetch @ https://r2.jjagd.net/_framework/blazor.web.qcnkhbt5lj.js:0
[23449449ms] [ERROR] [2026-04-15T20:47:15.363Z] Error: Error: Failed to complete negotiation with the server: TypeError: Failed to fetch @ https://r2.jjagd.net/_framework/blazor.web.qcnkhbt5lj.js:0
[23454453ms] [INFO] [2026-04-15T20:47:20.366Z] Information: Normalizing '_blazor' to 'https://r2.jjagd.net/_blazor'. @ https://r2.jjagd.net/_framework/blazor.web.qcnkhbt5lj.js:0
[23454834ms] [ERROR] Failed to load resource: net::ERR_SSL_UNRECOGNIZED_NAME_ALERT @ https://r2.jjagd.net/_blazor/negotiate?negotiateVersion=1:0
[23454834ms] [WARNING] [2026-04-15T20:47:20.747Z] Warning: Error from HTTP request. TypeError: Failed to fetch. @ https://r2.jjagd.net/_framework/blazor.web.qcnkhbt5lj.js:0
[23454834ms] [ERROR] [2026-04-15T20:47:20.747Z] Error: Failed to complete negotiation with the server: TypeError: Failed to fetch @ https://r2.jjagd.net/_framework/blazor.web.qcnkhbt5lj.js:0
[23454834ms] [ERROR] [2026-04-15T20:47:20.747Z] Error: Failed to start the connection: Error: Failed to complete negotiation with the server: TypeError: Failed to fetch @ https://r2.jjagd.net/_framework/blazor.web.qcnkhbt5lj.js:0
[23454834ms] [ERROR] [2026-04-15T20:47:20.747Z] Error: Error: Failed to complete negotiation with the server: TypeError: Failed to fetch @ https://r2.jjagd.net/_framework/blazor.web.qcnkhbt5lj.js:0
[23454834ms] [ERROR] [2026-04-15T20:47:20.747Z] Error: Error: Failed to complete negotiation with the server: TypeError: Failed to fetch @ https://r2.jjagd.net/_framework/blazor.web.qcnkhbt5lj.js:0
[23459836ms] [INFO] [2026-04-15T20:47:25.749Z] Information: Normalizing '_blazor' to 'https://r2.jjagd.net/_blazor'. @ https://r2.jjagd.net/_framework/blazor.web.qcnkhbt5lj.js:0
[23460222ms] [ERROR] Failed to load resource: net::ERR_SSL_UNRECOGNIZED_NAME_ALERT @ https://r2.jjagd.net/_blazor/negotiate?negotiateVersion=1:0
[23460222ms] [WARNING] [2026-04-15T20:47:26.135Z] Warning: Error from HTTP request. TypeError: Failed to fetch. @ https://r2.jjagd.net/_framework/blazor.web.qcnkhbt5lj.js:0
[23460222ms] [ERROR] [2026-04-15T20:47:26.136Z] Error: Failed to complete negotiation with the server: TypeError: Failed to fetch @ https://r2.jjagd.net/_framework/blazor.web.qcnkhbt5lj.js:0
[23460222ms] [ERROR] [2026-04-15T20:47:26.136Z] Error: Failed to start the connection: Error: Failed to complete negotiation with the server: TypeError: Failed to fetch @ https://r2.jjagd.net/_framework/blazor.web.qcnkhbt5lj.js:0
[23460222ms] [ERROR] [2026-04-15T20:47:26.136Z] Error: Error: Failed to complete negotiation with the server: TypeError: Failed to fetch @ https://r2.jjagd.net/_framework/blazor.web.qcnkhbt5lj.js:0
[23460222ms] [ERROR] [2026-04-15T20:47:26.136Z] Error: Error: Failed to complete negotiation with the server: TypeError: Failed to fetch @ https://r2.jjagd.net/_framework/blazor.web.qcnkhbt5lj.js:0
[23465226ms] [INFO] [2026-04-15T20:47:31.139Z] Information: Normalizing '_blazor' to 'https://r2.jjagd.net/_blazor'. @ https://r2.jjagd.net/_framework/blazor.web.qcnkhbt5lj.js:0
[23465581ms] [ERROR] Failed to load resource: the server responded with a status of 502 () @ https://r2.jjagd.net/_blazor/negotiate?negotiateVersion=1:0
[23465581ms] [ERROR] [2026-04-15T20:47:31.495Z] Error: Failed to complete negotiation with the server: Error: <html>
<head><title>502 Bad Gateway</title></head>
<body>
<center><h1>502 Bad Gateway</h1></center>
<hr><center>openresty</center>
</body>
</html>
<!-- a padding to disable MSIE and Chrome friendly error page -->
<!-- a padding to disable MSIE and Chrome friendly error page -->
<!-- a padding to disable MSIE and Chrome friendly error page -->
<!-- a padding to disable MSIE and Chrome friendly error page -->
<!-- a padding to disable MSIE and Chrome friendly error page -->
<!-- a padding to disable MSIE and Chrome friendly error page -->
: Status code '502' @ https://r2.jjagd.net/_framework/blazor.web.qcnkhbt5lj.js:0
[23465582ms] [ERROR] [2026-04-15T20:47:31.495Z] Error: Failed to start the connection: Error: Failed to complete negotiation with the server: Error: <html>
<head><title>502 Bad Gateway</title></head>
<body>
<center><h1>502 Bad Gateway</h1></center>
<hr><center>openresty</center>
</body>
</html>
<!-- a padding to disable MSIE and Chrome friendly error page -->
<!-- a padding to disable MSIE and Chrome friendly error page -->
<!-- a padding to disable MSIE and Chrome friendly error page -->
<!-- a padding to disable MSIE and Chrome friendly error page -->
<!-- a padding to disable MSIE and Chrome friendly error page -->
<!-- a padding to disable MSIE and Chrome friendly error page -->
: Status code '502' @ https://r2.jjagd.net/_framework/blazor.web.qcnkhbt5lj.js:0
[23465582ms] [ERROR] [2026-04-15T20:47:31.495Z] Error: Error: Failed to complete negotiation with the server: Error: <html>
<head><title>502 Bad Gateway</title></head>
<body>
<center><h1>502 Bad Gateway</h1></center>
<hr><center>openresty</center>
</body>
</html>
<!-- a padding to disable MSIE and Chrome friendly error page -->
<!-- a padding to disable MSIE and Chrome friendly error page -->
<!-- a padding to disable MSIE and Chrome friendly error page -->
<!-- a padding to disable MSIE and Chrome friendly error page -->
<!-- a padding to disable MSIE and Chrome friendly error page -->
<!-- a padding to disable MSIE and Chrome friendly error page -->
: Status code '502' @ https://r2.jjagd.net/_framework/blazor.web.qcnkhbt5lj.js:0
[23465582ms] [ERROR] [2026-04-15T20:47:31.495Z] Error: Error: Failed to complete negotiation with the server: Error: <html>
<head><title>502 Bad Gateway</title></head>
<body>
<center><h1>502 Bad Gateway</h1></center>
<hr><center>openresty</center>
</body>
</html>
<!-- a padding to disable MSIE and Chrome friendly error page -->
<!-- a padding to disable MSIE and Chrome friendly error page -->
<!-- a padding to disable MSIE and Chrome friendly error page -->
<!-- a padding to disable MSIE and Chrome friendly error page -->
<!-- a padding to disable MSIE and Chrome friendly error page -->
<!-- a padding to disable MSIE and Chrome friendly error page -->
: Status code '502' @ https://r2.jjagd.net/_framework/blazor.web.qcnkhbt5lj.js:0
[23470585ms] [INFO] [2026-04-15T20:47:36.498Z] Information: Normalizing '_blazor' to 'https://r2.jjagd.net/_blazor'. @ https://r2.jjagd.net/_framework/blazor.web.qcnkhbt5lj.js:0
[23470587ms] [ERROR] Failed to load resource: the server responded with a status of 502 () @ https://r2.jjagd.net/_blazor/negotiate?negotiateVersion=1:0
[23470588ms] [ERROR] [2026-04-15T20:47:36.501Z] Error: Failed to complete negotiation with the server: Error: <html>
<head><title>502 Bad Gateway</title></head>
<body>
<center><h1>502 Bad Gateway</h1></center>
<hr><center>openresty</center>
</body>
</html>
<!-- a padding to disable MSIE and Chrome friendly error page -->
<!-- a padding to disable MSIE and Chrome friendly error page -->
<!-- a padding to disable MSIE and Chrome friendly error page -->
<!-- a padding to disable MSIE and Chrome friendly error page -->
<!-- a padding to disable MSIE and Chrome friendly error page -->
<!-- a padding to disable MSIE and Chrome friendly error page -->
: Status code '502' @ https://r2.jjagd.net/_framework/blazor.web.qcnkhbt5lj.js:0
[23470588ms] [ERROR] [2026-04-15T20:47:36.501Z] Error: Failed to start the connection: Error: Failed to complete negotiation with the server: Error: <html>
<head><title>502 Bad Gateway</title></head>
<body>
<center><h1>502 Bad Gateway</h1></center>
<hr><center>openresty</center>
</body>
</html>
<!-- a padding to disable MSIE and Chrome friendly error page -->
<!-- a padding to disable MSIE and Chrome friendly error page -->
<!-- a padding to disable MSIE and Chrome friendly error page -->
<!-- a padding to disable MSIE and Chrome friendly error page -->
<!-- a padding to disable MSIE and Chrome friendly error page -->
<!-- a padding to disable MSIE and Chrome friendly error page -->
: Status code '502' @ https://r2.jjagd.net/_framework/blazor.web.qcnkhbt5lj.js:0
[23470588ms] [ERROR] [2026-04-15T20:47:36.501Z] Error: Error: Failed to complete negotiation with the server: Error: <html>
<head><title>502 Bad Gateway</title></head>
<body>
<center><h1>502 Bad Gateway</h1></center>
<hr><center>openresty</center>
</body>
</html>
<!-- a padding to disable MSIE and Chrome friendly error page -->
<!-- a padding to disable MSIE and Chrome friendly error page -->
<!-- a padding to disable MSIE and Chrome friendly error page -->
<!-- a padding to disable MSIE and Chrome friendly error page -->
<!-- a padding to disable MSIE and Chrome friendly error page -->
<!-- a padding to disable MSIE and Chrome friendly error page -->
: Status code '502' @ https://r2.jjagd.net/_framework/blazor.web.qcnkhbt5lj.js:0
[23470588ms] [ERROR] [2026-04-15T20:47:36.501Z] Error: Error: Failed to complete negotiation with the server: Error: <html>
<head><title>502 Bad Gateway</title></head>
<body>
<center><h1>502 Bad Gateway</h1></center>
<hr><center>openresty</center>
</body>
</html>
<!-- a padding to disable MSIE and Chrome friendly error page -->
<!-- a padding to disable MSIE and Chrome friendly error page -->
<!-- a padding to disable MSIE and Chrome friendly error page -->
<!-- a padding to disable MSIE and Chrome friendly error page -->
<!-- a padding to disable MSIE and Chrome friendly error page -->
<!-- a padding to disable MSIE and Chrome friendly error page -->
: Status code '502' @ https://r2.jjagd.net/_framework/blazor.web.qcnkhbt5lj.js:0
[23475591ms] [INFO] [2026-04-15T20:47:41.505Z] Information: Normalizing '_blazor' to 'https://r2.jjagd.net/_blazor'. @ https://r2.jjagd.net/_framework/blazor.web.qcnkhbt5lj.js:0
[23475950ms] [INFO] [2026-04-15T20:47:41.864Z] Information: WebSocket connected to wss://r2.jjagd.net/_blazor?id=mZxz-CDsxK9dpBScB9KzfA. @ https://r2.jjagd.net/_framework/blazor.web.qcnkhbt5lj.js:0
[23476685ms] [INFO] [2026-04-15T20:47:42.598Z] Information: Normalizing '_blazor' to 'https://r2.jjagd.net/_blazor'. @ https://r2.jjagd.net/_framework/blazor.web.qcnkhbt5lj.js:0
[23477040ms] [INFO] [2026-04-15T20:47:42.953Z] Information: WebSocket connected to wss://r2.jjagd.net/_blazor?id=MfDOzM3DibvICWp-9RPtBQ. @ https://r2.jjagd.net/_framework/blazor.web.qcnkhbt5lj.js:0
[24604891ms] [ERROR] [2026-04-15T21:06:30.805Z] Error: Connection disconnected with error 'Error: WebSocket closed with status code: 1006 (no reason given).'. @ https://r2.jjagd.net/_framework/blazor.web.qcnkhbt5lj.js:0
[24604898ms] [INFO] [2026-04-15T21:06:30.811Z] Information: Normalizing '_blazor' to 'https://r2.jjagd.net/_blazor'. @ https://r2.jjagd.net/_framework/blazor.web.qcnkhbt5lj.js:0
[24605489ms] [INFO] [2026-04-15T21:06:31.402Z] Information: WebSocket connected to wss://r2.jjagd.net/_blazor?id=ft6UEOrD4omBDAMxQhakhw. @ https://r2.jjagd.net/_framework/blazor.web.qcnkhbt5lj.js:0
[24616569ms] [ERROR] [2026-04-15T21:06:42.482Z] Error: Connection disconnected with error 'Error: WebSocket closed with status code: 1006 (no reason given).'. @ https://r2.jjagd.net/_framework/blazor.web.qcnkhbt5lj.js:0
[24616572ms] [INFO] [2026-04-15T21:06:42.485Z] Information: Normalizing '_blazor' to 'https://r2.jjagd.net/_blazor'. @ https://r2.jjagd.net/_framework/blazor.web.qcnkhbt5lj.js:0
[24616576ms] [ERROR] Failed to load resource: the server responded with a status of 502 () @ https://r2.jjagd.net/_blazor/negotiate?negotiateVersion=1:0
[24616576ms] [ERROR] [2026-04-15T21:06:42.489Z] Error: Failed to complete negotiation with the server: Error: <html>
<head><title>502 Bad Gateway</title></head>
<body>
<center><h1>502 Bad Gateway</h1></center>
<hr><center>openresty</center>
</body>
</html>
<!-- a padding to disable MSIE and Chrome friendly error page -->
<!-- a padding to disable MSIE and Chrome friendly error page -->
<!-- a padding to disable MSIE and Chrome friendly error page -->
<!-- a padding to disable MSIE and Chrome friendly error page -->
<!-- a padding to disable MSIE and Chrome friendly error page -->
<!-- a padding to disable MSIE and Chrome friendly error page -->
: Status code '502' @ https://r2.jjagd.net/_framework/blazor.web.qcnkhbt5lj.js:0
[24616576ms] [ERROR] [2026-04-15T21:06:42.489Z] Error: Failed to start the connection: Error: Failed to complete negotiation with the server: Error: <html>
<head><title>502 Bad Gateway</title></head>
<body>
<center><h1>502 Bad Gateway</h1></center>
<hr><center>openresty</center>
</body>
</html>
<!-- a padding to disable MSIE and Chrome friendly error page -->
<!-- a padding to disable MSIE and Chrome friendly error page -->
<!-- a padding to disable MSIE and Chrome friendly error page -->
<!-- a padding to disable MSIE and Chrome friendly error page -->
<!-- a padding to disable MSIE and Chrome friendly error page -->
<!-- a padding to disable MSIE and Chrome friendly error page -->
: Status code '502' @ https://r2.jjagd.net/_framework/blazor.web.qcnkhbt5lj.js:0
[24616576ms] [ERROR] [2026-04-15T21:06:42.490Z] Error: Error: Failed to complete negotiation with the server: Error: <html>
<head><title>502 Bad Gateway</title></head>
<body>
<center><h1>502 Bad Gateway</h1></center>
<hr><center>openresty</center>
</body>
</html>
<!-- a padding to disable MSIE and Chrome friendly error page -->
<!-- a padding to disable MSIE and Chrome friendly error page -->
<!-- a padding to disable MSIE and Chrome friendly error page -->
<!-- a padding to disable MSIE and Chrome friendly error page -->
<!-- a padding to disable MSIE and Chrome friendly error page -->
<!-- a padding to disable MSIE and Chrome friendly error page -->
: Status code '502' @ https://r2.jjagd.net/_framework/blazor.web.qcnkhbt5lj.js:0
[24616576ms] [ERROR] [2026-04-15T21:06:42.490Z] Error: Error: Failed to complete negotiation with the server: Error: <html>
<head><title>502 Bad Gateway</title></head>
<body>
<center><h1>502 Bad Gateway</h1></center>
<hr><center>openresty</center>
</body>
</html>
<!-- a padding to disable MSIE and Chrome friendly error page -->
<!-- a padding to disable MSIE and Chrome friendly error page -->
<!-- a padding to disable MSIE and Chrome friendly error page -->
<!-- a padding to disable MSIE and Chrome friendly error page -->
<!-- a padding to disable MSIE and Chrome friendly error page -->
<!-- a padding to disable MSIE and Chrome friendly error page -->
: Status code '502' @ https://r2.jjagd.net/_framework/blazor.web.qcnkhbt5lj.js:0
[24616576ms] [INFO] [2026-04-15T21:06:42.490Z] Information: Normalizing '_blazor' to 'https://r2.jjagd.net/_blazor'. @ https://r2.jjagd.net/_framework/blazor.web.qcnkhbt5lj.js:0
[24616578ms] [ERROR] Failed to load resource: the server responded with a status of 502 () @ https://r2.jjagd.net/_blazor/negotiate?negotiateVersion=1:0
[24616578ms] [ERROR] [2026-04-15T21:06:42.492Z] Error: Failed to complete negotiation with the server: Error: <html>
<head><title>502 Bad Gateway</title></head>
<body>
<center><h1>502 Bad Gateway</h1></center>
<hr><center>openresty</center>
</body>
</html>
<!-- a padding to disable MSIE and Chrome friendly error page -->
<!-- a padding to disable MSIE and Chrome friendly error page -->
<!-- a padding to disable MSIE and Chrome friendly error page -->
<!-- a padding to disable MSIE and Chrome friendly error page -->
<!-- a padding to disable MSIE and Chrome friendly error page -->
<!-- a padding to disable MSIE and Chrome friendly error page -->
: Status code '502' @ https://r2.jjagd.net/_framework/blazor.web.qcnkhbt5lj.js:0
[24616578ms] [ERROR] [2026-04-15T21:06:42.492Z] Error: Failed to start the connection: Error: Failed to complete negotiation with the server: Error: <html>
<head><title>502 Bad Gateway</title></head>
<body>
<center><h1>502 Bad Gateway</h1></center>
<hr><center>openresty</center>
</body>
</html>
<!-- a padding to disable MSIE and Chrome friendly error page -->
<!-- a padding to disable MSIE and Chrome friendly error page -->
<!-- a padding to disable MSIE and Chrome friendly error page -->
<!-- a padding to disable MSIE and Chrome friendly error page -->
<!-- a padding to disable MSIE and Chrome friendly error page -->
<!-- a padding to disable MSIE and Chrome friendly error page -->
: Status code '502' @ https://r2.jjagd.net/_framework/blazor.web.qcnkhbt5lj.js:0
[24616578ms] [ERROR] [2026-04-15T21:06:42.492Z] Error: Error: Failed to complete negotiation with the server: Error: <html>
<head><title>502 Bad Gateway</title></head>
<body>
<center><h1>502 Bad Gateway</h1></center>
<hr><center>openresty</center>
</body>
</html>
<!-- a padding to disable MSIE and Chrome friendly error page -->
<!-- a padding to disable MSIE and Chrome friendly error page -->
<!-- a padding to disable MSIE and Chrome friendly error page -->
<!-- a padding to disable MSIE and Chrome friendly error page -->
<!-- a padding to disable MSIE and Chrome friendly error page -->
<!-- a padding to disable MSIE and Chrome friendly error page -->
: Status code '502' @ https://r2.jjagd.net/_framework/blazor.web.qcnkhbt5lj.js:0
[24616578ms] [ERROR] [2026-04-15T21:06:42.492Z] Error: Error: Failed to complete negotiation with the server: Error: <html>
<head><title>502 Bad Gateway</title></head>
<body>
<center><h1>502 Bad Gateway</h1></center>
<hr><center>openresty</center>
</body>
</html>
<!-- a padding to disable MSIE and Chrome friendly error page -->
<!-- a padding to disable MSIE and Chrome friendly error page -->
<!-- a padding to disable MSIE and Chrome friendly error page -->
<!-- a padding to disable MSIE and Chrome friendly error page -->
<!-- a padding to disable MSIE and Chrome friendly error page -->
<!-- a padding to disable MSIE and Chrome friendly error page -->
: Status code '502' @ https://r2.jjagd.net/_framework/blazor.web.qcnkhbt5lj.js:0
[24616578ms] [INFO] [2026-04-15T21:06:42.492Z] Information: Normalizing '_blazor' to 'https://r2.jjagd.net/_blazor'. @ https://r2.jjagd.net/_framework/blazor.web.qcnkhbt5lj.js:0
[24616580ms] [ERROR] Failed to load resource: the server responded with a status of 502 () @ https://r2.jjagd.net/_blazor/negotiate?negotiateVersion=1:0
[24616580ms] [ERROR] [2026-04-15T21:06:42.494Z] Error: Failed to complete negotiation with the server: Error: <html>
<head><title>502 Bad Gateway</title></head>
<body>
<center><h1>502 Bad Gateway</h1></center>
<hr><center>openresty</center>
</body>
</html>
<!-- a padding to disable MSIE and Chrome friendly error page -->
<!-- a padding to disable MSIE and Chrome friendly error page -->
<!-- a padding to disable MSIE and Chrome friendly error page -->
<!-- a padding to disable MSIE and Chrome friendly error page -->
<!-- a padding to disable MSIE and Chrome friendly error page -->
<!-- a padding to disable MSIE and Chrome friendly error page -->
: Status code '502' @ https://r2.jjagd.net/_framework/blazor.web.qcnkhbt5lj.js:0
[24616580ms] [ERROR] [2026-04-15T21:06:42.494Z] Error: Failed to start the connection: Error: Failed to complete negotiation with the server: Error: <html>
<head><title>502 Bad Gateway</title></head>
<body>
<center><h1>502 Bad Gateway</h1></center>
<hr><center>openresty</center>
</body>
</html>
<!-- a padding to disable MSIE and Chrome friendly error page -->
<!-- a padding to disable MSIE and Chrome friendly error page -->
<!-- a padding to disable MSIE and Chrome friendly error page -->
<!-- a padding to disable MSIE and Chrome friendly error page -->
<!-- a padding to disable MSIE and Chrome friendly error page -->
<!-- a padding to disable MSIE and Chrome friendly error page -->
: Status code '502' @ https://r2.jjagd.net/_framework/blazor.web.qcnkhbt5lj.js:0
[24616580ms] [ERROR] [2026-04-15T21:06:42.494Z] Error: Error: Failed to complete negotiation with the server: Error: <html>
<head><title>502 Bad Gateway</title></head>
<body>
<center><h1>502 Bad Gateway</h1></center>
<hr><center>openresty</center>
</body>
</html>
<!-- a padding to disable MSIE and Chrome friendly error page -->
<!-- a padding to disable MSIE and Chrome friendly error page -->
<!-- a padding to disable MSIE and Chrome friendly error page -->
<!-- a padding to disable MSIE and Chrome friendly error page -->
<!-- a padding to disable MSIE and Chrome friendly error page -->
<!-- a padding to disable MSIE and Chrome friendly error page -->
: Status code '502' @ https://r2.jjagd.net/_framework/blazor.web.qcnkhbt5lj.js:0
[24616580ms] [ERROR] [2026-04-15T21:06:42.494Z] Error: Error: Failed to complete negotiation with the server: Error: <html>
<head><title>502 Bad Gateway</title></head>
<body>
<center><h1>502 Bad Gateway</h1></center>
<hr><center>openresty</center>
</body>
</html>
<!-- a padding to disable MSIE and Chrome friendly error page -->
<!-- a padding to disable MSIE and Chrome friendly error page -->
<!-- a padding to disable MSIE and Chrome friendly error page -->
<!-- a padding to disable MSIE and Chrome friendly error page -->
<!-- a padding to disable MSIE and Chrome friendly error page -->
<!-- a padding to disable MSIE and Chrome friendly error page -->
: Status code '502' @ https://r2.jjagd.net/_framework/blazor.web.qcnkhbt5lj.js:0
[24616580ms] [INFO] [2026-04-15T21:06:42.494Z] Information: Normalizing '_blazor' to 'https://r2.jjagd.net/_blazor'. @ https://r2.jjagd.net/_framework/blazor.web.qcnkhbt5lj.js:0
[24616582ms] [ERROR] Failed to load resource: the server responded with a status of 502 () @ https://r2.jjagd.net/_blazor/negotiate?negotiateVersion=1:0
[24616582ms] [ERROR] [2026-04-15T21:06:42.496Z] Error: Failed to complete negotiation with the server: Error: <html>
<head><title>502 Bad Gateway</title></head>
<body>
<center><h1>502 Bad Gateway</h1></center>
<hr><center>openresty</center>
</body>
</html>
<!-- a padding to disable MSIE and Chrome friendly error page -->
<!-- a padding to disable MSIE and Chrome friendly error page -->
<!-- a padding to disable MSIE and Chrome friendly error page -->
<!-- a padding to disable MSIE and Chrome friendly error page -->
<!-- a padding to disable MSIE and Chrome friendly error page -->
<!-- a padding to disable MSIE and Chrome friendly error page -->
: Status code '502' @ https://r2.jjagd.net/_framework/blazor.web.qcnkhbt5lj.js:0
[24616582ms] [ERROR] [2026-04-15T21:06:42.496Z] Error: Failed to start the connection: Error: Failed to complete negotiation with the server: Error: <html>
<head><title>502 Bad Gateway</title></head>
<body>
<center><h1>502 Bad Gateway</h1></center>
<hr><center>openresty</center>
</body>
</html>
<!-- a padding to disable MSIE and Chrome friendly error page -->
<!-- a padding to disable MSIE and Chrome friendly error page -->
<!-- a padding to disable MSIE and Chrome friendly error page -->
<!-- a padding to disable MSIE and Chrome friendly error page -->
<!-- a padding to disable MSIE and Chrome friendly error page -->
<!-- a padding to disable MSIE and Chrome friendly error page -->
: Status code '502' @ https://r2.jjagd.net/_framework/blazor.web.qcnkhbt5lj.js:0
[24616582ms] [ERROR] [2026-04-15T21:06:42.496Z] Error: Error: Failed to complete negotiation with the server: Error: <html>
<head><title>502 Bad Gateway</title></head>
<body>
<center><h1>502 Bad Gateway</h1></center>
<hr><center>openresty</center>
</body>
</html>
<!-- a padding to disable MSIE and Chrome friendly error page -->
<!-- a padding to disable MSIE and Chrome friendly error page -->
<!-- a padding to disable MSIE and Chrome friendly error page -->
<!-- a padding to disable MSIE and Chrome friendly error page -->
<!-- a padding to disable MSIE and Chrome friendly error page -->
<!-- a padding to disable MSIE and Chrome friendly error page -->
: Status code '502' @ https://r2.jjagd.net/_framework/blazor.web.qcnkhbt5lj.js:0
[24616582ms] [ERROR] [2026-04-15T21:06:42.496Z] Error: Error: Failed to complete negotiation with the server: Error: <html>
<head><title>502 Bad Gateway</title></head>
<body>
<center><h1>502 Bad Gateway</h1></center>
<hr><center>openresty</center>
</body>
</html>
<!-- a padding to disable MSIE and Chrome friendly error page -->
<!-- a padding to disable MSIE and Chrome friendly error page -->
<!-- a padding to disable MSIE and Chrome friendly error page -->
<!-- a padding to disable MSIE and Chrome friendly error page -->
<!-- a padding to disable MSIE and Chrome friendly error page -->
<!-- a padding to disable MSIE and Chrome friendly error page -->
: Status code '502' @ https://r2.jjagd.net/_framework/blazor.web.qcnkhbt5lj.js:0
[24616582ms] [INFO] [2026-04-15T21:06:42.496Z] Information: Normalizing '_blazor' to 'https://r2.jjagd.net/_blazor'. @ https://r2.jjagd.net/_framework/blazor.web.qcnkhbt5lj.js:0
[24616584ms] [ERROR] Failed to load resource: the server responded with a status of 502 () @ https://r2.jjagd.net/_blazor/negotiate?negotiateVersion=1:0
[24616584ms] [ERROR] [2026-04-15T21:06:42.498Z] Error: Failed to complete negotiation with the server: Error: <html>
<head><title>502 Bad Gateway</title></head>
<body>
<center><h1>502 Bad Gateway</h1></center>
<hr><center>openresty</center>
</body>
</html>
<!-- a padding to disable MSIE and Chrome friendly error page -->
<!-- a padding to disable MSIE and Chrome friendly error page -->
<!-- a padding to disable MSIE and Chrome friendly error page -->
<!-- a padding to disable MSIE and Chrome friendly error page -->
<!-- a padding to disable MSIE and Chrome friendly error page -->
<!-- a padding to disable MSIE and Chrome friendly error page -->
: Status code '502' @ https://r2.jjagd.net/_framework/blazor.web.qcnkhbt5lj.js:0
[24616584ms] [ERROR] [2026-04-15T21:06:42.498Z] Error: Failed to start the connection: Error: Failed to complete negotiation with the server: Error: <html>
<head><title>502 Bad Gateway</title></head>
<body>
<center><h1>502 Bad Gateway</h1></center>
<hr><center>openresty</center>
</body>
</html>
<!-- a padding to disable MSIE and Chrome friendly error page -->
<!-- a padding to disable MSIE and Chrome friendly error page -->
<!-- a padding to disable MSIE and Chrome friendly error page -->
<!-- a padding to disable MSIE and Chrome friendly error page -->
<!-- a padding to disable MSIE and Chrome friendly error page -->
<!-- a padding to disable MSIE and Chrome friendly error page -->
: Status code '502' @ https://r2.jjagd.net/_framework/blazor.web.qcnkhbt5lj.js:0
[24616584ms] [ERROR] [2026-04-15T21:06:42.498Z] Error: Error: Failed to complete negotiation with the server: Error: <html>
<head><title>502 Bad Gateway</title></head>
<body>
<center><h1>502 Bad Gateway</h1></center>
<hr><center>openresty</center>
</body>
</html>
<!-- a padding to disable MSIE and Chrome friendly error page -->
<!-- a padding to disable MSIE and Chrome friendly error page -->
<!-- a padding to disable MSIE and Chrome friendly error page -->
<!-- a padding to disable MSIE and Chrome friendly error page -->
<!-- a padding to disable MSIE and Chrome friendly error page -->
<!-- a padding to disable MSIE and Chrome friendly error page -->
: Status code '502' @ https://r2.jjagd.net/_framework/blazor.web.qcnkhbt5lj.js:0
[24616584ms] [ERROR] [2026-04-15T21:06:42.498Z] Error: Error: Failed to complete negotiation with the server: Error: <html>
<head><title>502 Bad Gateway</title></head>
<body>
<center><h1>502 Bad Gateway</h1></center>
<hr><center>openresty</center>
</body>
</html>
<!-- a padding to disable MSIE and Chrome friendly error page -->
<!-- a padding to disable MSIE and Chrome friendly error page -->
<!-- a padding to disable MSIE and Chrome friendly error page -->
<!-- a padding to disable MSIE and Chrome friendly error page -->
<!-- a padding to disable MSIE and Chrome friendly error page -->
<!-- a padding to disable MSIE and Chrome friendly error page -->
: Status code '502' @ https://r2.jjagd.net/_framework/blazor.web.qcnkhbt5lj.js:0
[24616585ms] [INFO] [2026-04-15T21:06:42.498Z] Information: Normalizing '_blazor' to 'https://r2.jjagd.net/_blazor'. @ https://r2.jjagd.net/_framework/blazor.web.qcnkhbt5lj.js:0
[24616586ms] [ERROR] Failed to load resource: the server responded with a status of 502 () @ https://r2.jjagd.net/_blazor/negotiate?negotiateVersion=1:0
[24616586ms] [ERROR] [2026-04-15T21:06:42.500Z] Error: Failed to complete negotiation with the server: Error: <html>
<head><title>502 Bad Gateway</title></head>
<body>
<center><h1>502 Bad Gateway</h1></center>
<hr><center>openresty</center>
</body>
</html>
<!-- a padding to disable MSIE and Chrome friendly error page -->
<!-- a padding to disable MSIE and Chrome friendly error page -->
<!-- a padding to disable MSIE and Chrome friendly error page -->
<!-- a padding to disable MSIE and Chrome friendly error page -->
<!-- a padding to disable MSIE and Chrome friendly error page -->
<!-- a padding to disable MSIE and Chrome friendly error page -->
: Status code '502' @ https://r2.jjagd.net/_framework/blazor.web.qcnkhbt5lj.js:0
[24616586ms] [ERROR] [2026-04-15T21:06:42.500Z] Error: Failed to start the connection: Error: Failed to complete negotiation with the server: Error: <html>
<head><title>502 Bad Gateway</title></head>
<body>
<center><h1>502 Bad Gateway</h1></center>
<hr><center>openresty</center>
</body>
</html>
<!-- a padding to disable MSIE and Chrome friendly error page -->
<!-- a padding to disable MSIE and Chrome friendly error page -->
<!-- a padding to disable MSIE and Chrome friendly error page -->
<!-- a padding to disable MSIE and Chrome friendly error page -->
<!-- a padding to disable MSIE and Chrome friendly error page -->
<!-- a padding to disable MSIE and Chrome friendly error page -->
: Status code '502' @ https://r2.jjagd.net/_framework/blazor.web.qcnkhbt5lj.js:0
[24616586ms] [ERROR] [2026-04-15T21:06:42.500Z] Error: Error: Failed to complete negotiation with the server: Error: <html>
<head><title>502 Bad Gateway</title></head>
<body>
<center><h1>502 Bad Gateway</h1></center>
<hr><center>openresty</center>
</body>
</html>
<!-- a padding to disable MSIE and Chrome friendly error page -->
<!-- a padding to disable MSIE and Chrome friendly error page -->
<!-- a padding to disable MSIE and Chrome friendly error page -->
<!-- a padding to disable MSIE and Chrome friendly error page -->
<!-- a padding to disable MSIE and Chrome friendly error page -->
<!-- a padding to disable MSIE and Chrome friendly error page -->
: Status code '502' @ https://r2.jjagd.net/_framework/blazor.web.qcnkhbt5lj.js:0
[24616586ms] [ERROR] [2026-04-15T21:06:42.500Z] Error: Error: Failed to complete negotiation with the server: Error: <html>
<head><title>502 Bad Gateway</title></head>
<body>
<center><h1>502 Bad Gateway</h1></center>
<hr><center>openresty</center>
</body>
</html>
<!-- a padding to disable MSIE and Chrome friendly error page -->
<!-- a padding to disable MSIE and Chrome friendly error page -->
<!-- a padding to disable MSIE and Chrome friendly error page -->
<!-- a padding to disable MSIE and Chrome friendly error page -->
<!-- a padding to disable MSIE and Chrome friendly error page -->
<!-- a padding to disable MSIE and Chrome friendly error page -->
: Status code '502' @ https://r2.jjagd.net/_framework/blazor.web.qcnkhbt5lj.js:0
[24616586ms] [INFO] [2026-04-15T21:06:42.500Z] Information: Normalizing '_blazor' to 'https://r2.jjagd.net/_blazor'. @ https://r2.jjagd.net/_framework/blazor.web.qcnkhbt5lj.js:0
[24616588ms] [ERROR] Failed to load resource: the server responded with a status of 502 () @ https://r2.jjagd.net/_blazor/negotiate?negotiateVersion=1:0
[24616588ms] [ERROR] [2026-04-15T21:06:42.502Z] Error: Failed to complete negotiation with the server: Error: <html>
<head><title>502 Bad Gateway</title></head>
<body>
<center><h1>502 Bad Gateway</h1></center>
<hr><center>openresty</center>
</body>
</html>
<!-- a padding to disable MSIE and Chrome friendly error page -->
<!-- a padding to disable MSIE and Chrome friendly error page -->
<!-- a padding to disable MSIE and Chrome friendly error page -->
<!-- a padding to disable MSIE and Chrome friendly error page -->
<!-- a padding to disable MSIE and Chrome friendly error page -->
<!-- a padding to disable MSIE and Chrome friendly error page -->
: Status code '502' @ https://r2.jjagd.net/_framework/blazor.web.qcnkhbt5lj.js:0
[24616588ms] [ERROR] [2026-04-15T21:06:42.502Z] Error: Failed to start the connection: Error: Failed to complete negotiation with the server: Error: <html>
<head><title>502 Bad Gateway</title></head>
<body>
<center><h1>502 Bad Gateway</h1></center>
<hr><center>openresty</center>
</body>
</html>
<!-- a padding to disable MSIE and Chrome friendly error page -->
<!-- a padding to disable MSIE and Chrome friendly error page -->
<!-- a padding to disable MSIE and Chrome friendly error page -->
<!-- a padding to disable MSIE and Chrome friendly error page -->
<!-- a padding to disable MSIE and Chrome friendly error page -->
<!-- a padding to disable MSIE and Chrome friendly error page -->
: Status code '502' @ https://r2.jjagd.net/_framework/blazor.web.qcnkhbt5lj.js:0
[24616588ms] [ERROR] [2026-04-15T21:06:42.502Z] Error: Error: Failed to complete negotiation with the server: Error: <html>
<head><title>502 Bad Gateway</title></head>
<body>
<center><h1>502 Bad Gateway</h1></center>
<hr><center>openresty</center>
</body>
</html>
<!-- a padding to disable MSIE and Chrome friendly error page -->
<!-- a padding to disable MSIE and Chrome friendly error page -->
<!-- a padding to disable MSIE and Chrome friendly error page -->
<!-- a padding to disable MSIE and Chrome friendly error page -->
<!-- a padding to disable MSIE and Chrome friendly error page -->
<!-- a padding to disable MSIE and Chrome friendly error page -->
: Status code '502' @ https://r2.jjagd.net/_framework/blazor.web.qcnkhbt5lj.js:0
[24616588ms] [ERROR] [2026-04-15T21:06:42.502Z] Error: Error: Failed to complete negotiation with the server: Error: <html>
<head><title>502 Bad Gateway</title></head>
<body>
<center><h1>502 Bad Gateway</h1></center>
<hr><center>openresty</center>
</body>
</html>
<!-- a padding to disable MSIE and Chrome friendly error page -->
<!-- a padding to disable MSIE and Chrome friendly error page -->
<!-- a padding to disable MSIE and Chrome friendly error page -->
<!-- a padding to disable MSIE and Chrome friendly error page -->
<!-- a padding to disable MSIE and Chrome friendly error page -->
<!-- a padding to disable MSIE and Chrome friendly error page -->
: Status code '502' @ https://r2.jjagd.net/_framework/blazor.web.qcnkhbt5lj.js:0
[24616588ms] [INFO] [2026-04-15T21:06:42.502Z] Information: Normalizing '_blazor' to 'https://r2.jjagd.net/_blazor'. @ https://r2.jjagd.net/_framework/blazor.web.qcnkhbt5lj.js:0
[24616590ms] [ERROR] Failed to load resource: the server responded with a status of 502 () @ https://r2.jjagd.net/_blazor/negotiate?negotiateVersion=1:0
[24616590ms] [ERROR] [2026-04-15T21:06:42.504Z] Error: Failed to complete negotiation with the server: Error: <html>
<head><title>502 Bad Gateway</title></head>
<body>
<center><h1>502 Bad Gateway</h1></center>
<hr><center>openresty</center>
</body>
</html>
<!-- a padding to disable MSIE and Chrome friendly error page -->
<!-- a padding to disable MSIE and Chrome friendly error page -->
<!-- a padding to disable MSIE and Chrome friendly error page -->
<!-- a padding to disable MSIE and Chrome friendly error page -->
<!-- a padding to disable MSIE and Chrome friendly error page -->
<!-- a padding to disable MSIE and Chrome friendly error page -->
: Status code '502' @ https://r2.jjagd.net/_framework/blazor.web.qcnkhbt5lj.js:0
[24616590ms] [ERROR] [2026-04-15T21:06:42.504Z] Error: Failed to start the connection: Error: Failed to complete negotiation with the server: Error: <html>
<head><title>502 Bad Gateway</title></head>
<body>
<center><h1>502 Bad Gateway</h1></center>
<hr><center>openresty</center>
</body>
</html>
<!-- a padding to disable MSIE and Chrome friendly error page -->
<!-- a padding to disable MSIE and Chrome friendly error page -->
<!-- a padding to disable MSIE and Chrome friendly error page -->
<!-- a padding to disable MSIE and Chrome friendly error page -->
<!-- a padding to disable MSIE and Chrome friendly error page -->
<!-- a padding to disable MSIE and Chrome friendly error page -->
: Status code '502' @ https://r2.jjagd.net/_framework/blazor.web.qcnkhbt5lj.js:0
[24616591ms] [ERROR] [2026-04-15T21:06:42.504Z] Error: Error: Failed to complete negotiation with the server: Error: <html>
<head><title>502 Bad Gateway</title></head>
<body>
<center><h1>502 Bad Gateway</h1></center>
<hr><center>openresty</center>
</body>
</html>
<!-- a padding to disable MSIE and Chrome friendly error page -->
<!-- a padding to disable MSIE and Chrome friendly error page -->
<!-- a padding to disable MSIE and Chrome friendly error page -->
<!-- a padding to disable MSIE and Chrome friendly error page -->
<!-- a padding to disable MSIE and Chrome friendly error page -->
<!-- a padding to disable MSIE and Chrome friendly error page -->
: Status code '502' @ https://r2.jjagd.net/_framework/blazor.web.qcnkhbt5lj.js:0
[24616591ms] [ERROR] [2026-04-15T21:06:42.504Z] Error: Error: Failed to complete negotiation with the server: Error: <html>
<head><title>502 Bad Gateway</title></head>
<body>
<center><h1>502 Bad Gateway</h1></center>
<hr><center>openresty</center>
</body>
</html>
<!-- a padding to disable MSIE and Chrome friendly error page -->
<!-- a padding to disable MSIE and Chrome friendly error page -->
<!-- a padding to disable MSIE and Chrome friendly error page -->
<!-- a padding to disable MSIE and Chrome friendly error page -->
<!-- a padding to disable MSIE and Chrome friendly error page -->
<!-- a padding to disable MSIE and Chrome friendly error page -->
: Status code '502' @ https://r2.jjagd.net/_framework/blazor.web.qcnkhbt5lj.js:0
[24616591ms] [INFO] [2026-04-15T21:06:42.504Z] Information: Normalizing '_blazor' to 'https://r2.jjagd.net/_blazor'. @ https://r2.jjagd.net/_framework/blazor.web.qcnkhbt5lj.js:0
[24616592ms] [ERROR] Failed to load resource: the server responded with a status of 502 () @ https://r2.jjagd.net/_blazor/negotiate?negotiateVersion=1:0
[24616592ms] [ERROR] [2026-04-15T21:06:42.506Z] Error: Failed to complete negotiation with the server: Error: <html>
<head><title>502 Bad Gateway</title></head>
<body>
<center><h1>502 Bad Gateway</h1></center>
<hr><center>openresty</center>
</body>
</html>
<!-- a padding to disable MSIE and Chrome friendly error page -->
<!-- a padding to disable MSIE and Chrome friendly error page -->
<!-- a padding to disable MSIE and Chrome friendly error page -->
<!-- a padding to disable MSIE and Chrome friendly error page -->
<!-- a padding to disable MSIE and Chrome friendly error page -->
<!-- a padding to disable MSIE and Chrome friendly error page -->
: Status code '502' @ https://r2.jjagd.net/_framework/blazor.web.qcnkhbt5lj.js:0
[24616592ms] [ERROR] [2026-04-15T21:06:42.506Z] Error: Failed to start the connection: Error: Failed to complete negotiation with the server: Error: <html>
<head><title>502 Bad Gateway</title></head>
<body>
<center><h1>502 Bad Gateway</h1></center>
<hr><center>openresty</center>
</body>
</html>
<!-- a padding to disable MSIE and Chrome friendly error page -->
<!-- a padding to disable MSIE and Chrome friendly error page -->
<!-- a padding to disable MSIE and Chrome friendly error page -->
<!-- a padding to disable MSIE and Chrome friendly error page -->
<!-- a padding to disable MSIE and Chrome friendly error page -->
<!-- a padding to disable MSIE and Chrome friendly error page -->
: Status code '502' @ https://r2.jjagd.net/_framework/blazor.web.qcnkhbt5lj.js:0
[24616592ms] [ERROR] [2026-04-15T21:06:42.506Z] Error: Error: Failed to complete negotiation with the server: Error: <html>
<head><title>502 Bad Gateway</title></head>
<body>
<center><h1>502 Bad Gateway</h1></center>
<hr><center>openresty</center>
</body>
</html>
<!-- a padding to disable MSIE and Chrome friendly error page -->
<!-- a padding to disable MSIE and Chrome friendly error page -->
<!-- a padding to disable MSIE and Chrome friendly error page -->
<!-- a padding to disable MSIE and Chrome friendly error page -->
<!-- a padding to disable MSIE and Chrome friendly error page -->
<!-- a padding to disable MSIE and Chrome friendly error page -->
: Status code '502' @ https://r2.jjagd.net/_framework/blazor.web.qcnkhbt5lj.js:0
[24616592ms] [ERROR] [2026-04-15T21:06:42.506Z] Error: Error: Failed to complete negotiation with the server: Error: <html>
<head><title>502 Bad Gateway</title></head>
<body>
<center><h1>502 Bad Gateway</h1></center>
<hr><center>openresty</center>
</body>
</html>
<!-- a padding to disable MSIE and Chrome friendly error page -->
<!-- a padding to disable MSIE and Chrome friendly error page -->
<!-- a padding to disable MSIE and Chrome friendly error page -->
<!-- a padding to disable MSIE and Chrome friendly error page -->
<!-- a padding to disable MSIE and Chrome friendly error page -->
<!-- a padding to disable MSIE and Chrome friendly error page -->
: Status code '502' @ https://r2.jjagd.net/_framework/blazor.web.qcnkhbt5lj.js:0
[24616592ms] [INFO] [2026-04-15T21:06:42.506Z] Information: Normalizing '_blazor' to 'https://r2.jjagd.net/_blazor'. @ https://r2.jjagd.net/_framework/blazor.web.qcnkhbt5lj.js:0
[24616594ms] [ERROR] Failed to load resource: the server responded with a status of 502 () @ https://r2.jjagd.net/_blazor/negotiate?negotiateVersion=1:0
[24616594ms] [ERROR] [2026-04-15T21:06:42.507Z] Error: Failed to complete negotiation with the server: Error: <html>
<head><title>502 Bad Gateway</title></head>
<body>
<center><h1>502 Bad Gateway</h1></center>
<hr><center>openresty</center>
</body>
</html>
<!-- a padding to disable MSIE and Chrome friendly error page -->
<!-- a padding to disable MSIE and Chrome friendly error page -->
<!-- a padding to disable MSIE and Chrome friendly error page -->
<!-- a padding to disable MSIE and Chrome friendly error page -->
<!-- a padding to disable MSIE and Chrome friendly error page -->
<!-- a padding to disable MSIE and Chrome friendly error page -->
: Status code '502' @ https://r2.jjagd.net/_framework/blazor.web.qcnkhbt5lj.js:0
[24616594ms] [ERROR] [2026-04-15T21:06:42.507Z] Error: Failed to start the connection: Error: Failed to complete negotiation with the server: Error: <html>
<head><title>502 Bad Gateway</title></head>
<body>
<center><h1>502 Bad Gateway</h1></center>
<hr><center>openresty</center>
</body>
</html>
<!-- a padding to disable MSIE and Chrome friendly error page -->
<!-- a padding to disable MSIE and Chrome friendly error page -->
<!-- a padding to disable MSIE and Chrome friendly error page -->
<!-- a padding to disable MSIE and Chrome friendly error page -->
<!-- a padding to disable MSIE and Chrome friendly error page -->
<!-- a padding to disable MSIE and Chrome friendly error page -->
: Status code '502' @ https://r2.jjagd.net/_framework/blazor.web.qcnkhbt5lj.js:0
[24616594ms] [ERROR] [2026-04-15T21:06:42.508Z] Error: Error: Failed to complete negotiation with the server: Error: <html>
<head><title>502 Bad Gateway</title></head>
<body>
<center><h1>502 Bad Gateway</h1></center>
<hr><center>openresty</center>
</body>
</html>
<!-- a padding to disable MSIE and Chrome friendly error page -->
<!-- a padding to disable MSIE and Chrome friendly error page -->
<!-- a padding to disable MSIE and Chrome friendly error page -->
<!-- a padding to disable MSIE and Chrome friendly error page -->
<!-- a padding to disable MSIE and Chrome friendly error page -->
<!-- a padding to disable MSIE and Chrome friendly error page -->
: Status code '502' @ https://r2.jjagd.net/_framework/blazor.web.qcnkhbt5lj.js:0
[24616594ms] [ERROR] [2026-04-15T21:06:42.508Z] Error: Error: Failed to complete negotiation with the server: Error: <html>
<head><title>502 Bad Gateway</title></head>
<body>
<center><h1>502 Bad Gateway</h1></center>
<hr><center>openresty</center>
</body>
</html>
<!-- a padding to disable MSIE and Chrome friendly error page -->
<!-- a padding to disable MSIE and Chrome friendly error page -->
<!-- a padding to disable MSIE and Chrome friendly error page -->
<!-- a padding to disable MSIE and Chrome friendly error page -->
<!-- a padding to disable MSIE and Chrome friendly error page -->
<!-- a padding to disable MSIE and Chrome friendly error page -->
: Status code '502' @ https://r2.jjagd.net/_framework/blazor.web.qcnkhbt5lj.js:0
[24621596ms] [INFO] [2026-04-15T21:06:47.509Z] Information: Normalizing '_blazor' to 'https://r2.jjagd.net/_blazor'. @ https://r2.jjagd.net/_framework/blazor.web.qcnkhbt5lj.js:0
[24621904ms] [ERROR] Failed to load resource: net::ERR_SSL_UNRECOGNIZED_NAME_ALERT @ https://r2.jjagd.net/_blazor/negotiate?negotiateVersion=1:0
[24621904ms] [WARNING] [2026-04-15T21:06:47.817Z] Warning: Error from HTTP request. TypeError: Failed to fetch. @ https://r2.jjagd.net/_framework/blazor.web.qcnkhbt5lj.js:0
[24621904ms] [ERROR] [2026-04-15T21:06:47.817Z] Error: Failed to complete negotiation with the server: TypeError: Failed to fetch @ https://r2.jjagd.net/_framework/blazor.web.qcnkhbt5lj.js:0
[24621904ms] [ERROR] [2026-04-15T21:06:47.817Z] Error: Failed to start the connection: Error: Failed to complete negotiation with the server: TypeError: Failed to fetch @ https://r2.jjagd.net/_framework/blazor.web.qcnkhbt5lj.js:0
[24621904ms] [ERROR] [2026-04-15T21:06:47.817Z] Error: Error: Failed to complete negotiation with the server: TypeError: Failed to fetch @ https://r2.jjagd.net/_framework/blazor.web.qcnkhbt5lj.js:0
[24621904ms] [ERROR] [2026-04-15T21:06:47.817Z] Error: Error: Failed to complete negotiation with the server: TypeError: Failed to fetch @ https://r2.jjagd.net/_framework/blazor.web.qcnkhbt5lj.js:0
[24626907ms] [INFO] [2026-04-15T21:06:52.820Z] Information: Normalizing '_blazor' to 'https://r2.jjagd.net/_blazor'. @ https://r2.jjagd.net/_framework/blazor.web.qcnkhbt5lj.js:0
[24627230ms] [ERROR] Failed to load resource: net::ERR_SSL_UNRECOGNIZED_NAME_ALERT @ https://r2.jjagd.net/_blazor/negotiate?negotiateVersion=1:0
[24627231ms] [WARNING] [2026-04-15T21:06:53.144Z] Warning: Error from HTTP request. TypeError: Failed to fetch. @ https://r2.jjagd.net/_framework/blazor.web.qcnkhbt5lj.js:0
[24627231ms] [ERROR] [2026-04-15T21:06:53.144Z] Error: Failed to complete negotiation with the server: TypeError: Failed to fetch @ https://r2.jjagd.net/_framework/blazor.web.qcnkhbt5lj.js:0
[24627231ms] [ERROR] [2026-04-15T21:06:53.144Z] Error: Failed to start the connection: Error: Failed to complete negotiation with the server: TypeError: Failed to fetch @ https://r2.jjagd.net/_framework/blazor.web.qcnkhbt5lj.js:0
[24627231ms] [ERROR] [2026-04-15T21:06:53.144Z] Error: Error: Failed to complete negotiation with the server: TypeError: Failed to fetch @ https://r2.jjagd.net/_framework/blazor.web.qcnkhbt5lj.js:0
[24627231ms] [ERROR] [2026-04-15T21:06:53.144Z] Error: Error: Failed to complete negotiation with the server: TypeError: Failed to fetch @ https://r2.jjagd.net/_framework/blazor.web.qcnkhbt5lj.js:0
[24632234ms] [INFO] [2026-04-15T21:06:58.147Z] Information: Normalizing '_blazor' to 'https://r2.jjagd.net/_blazor'. @ https://r2.jjagd.net/_framework/blazor.web.qcnkhbt5lj.js:0
[24632536ms] [ERROR] Failed to load resource: net::ERR_SSL_UNRECOGNIZED_NAME_ALERT @ https://r2.jjagd.net/_blazor/negotiate?negotiateVersion=1:0
[24632536ms] [WARNING] [2026-04-15T21:06:58.450Z] Warning: Error from HTTP request. TypeError: Failed to fetch. @ https://r2.jjagd.net/_framework/blazor.web.qcnkhbt5lj.js:0
[24632536ms] [ERROR] [2026-04-15T21:06:58.450Z] Error: Failed to complete negotiation with the server: TypeError: Failed to fetch @ https://r2.jjagd.net/_framework/blazor.web.qcnkhbt5lj.js:0
[24632536ms] [ERROR] [2026-04-15T21:06:58.450Z] Error: Failed to start the connection: Error: Failed to complete negotiation with the server: TypeError: Failed to fetch @ https://r2.jjagd.net/_framework/blazor.web.qcnkhbt5lj.js:0
[24632536ms] [ERROR] [2026-04-15T21:06:58.450Z] Error: Error: Failed to complete negotiation with the server: TypeError: Failed to fetch @ https://r2.jjagd.net/_framework/blazor.web.qcnkhbt5lj.js:0
[24632536ms] [ERROR] [2026-04-15T21:06:58.450Z] Error: Error: Failed to complete negotiation with the server: TypeError: Failed to fetch @ https://r2.jjagd.net/_framework/blazor.web.qcnkhbt5lj.js:0
[24637538ms] [INFO] [2026-04-15T21:07:03.451Z] Information: Normalizing '_blazor' to 'https://r2.jjagd.net/_blazor'. @ https://r2.jjagd.net/_framework/blazor.web.qcnkhbt5lj.js:0
[24637849ms] [ERROR] Failed to load resource: the server responded with a status of 502 () @ https://r2.jjagd.net/_blazor/negotiate?negotiateVersion=1:0
[24637849ms] [ERROR] [2026-04-15T21:07:03.763Z] Error: Failed to complete negotiation with the server: Error: <html>
<head><title>502 Bad Gateway</title></head>
<body>
<center><h1>502 Bad Gateway</h1></center>
<hr><center>openresty</center>
</body>
</html>
<!-- a padding to disable MSIE and Chrome friendly error page -->
<!-- a padding to disable MSIE and Chrome friendly error page -->
<!-- a padding to disable MSIE and Chrome friendly error page -->
<!-- a padding to disable MSIE and Chrome friendly error page -->
<!-- a padding to disable MSIE and Chrome friendly error page -->
<!-- a padding to disable MSIE and Chrome friendly error page -->
: Status code '502' @ https://r2.jjagd.net/_framework/blazor.web.qcnkhbt5lj.js:0
[24637850ms] [ERROR] [2026-04-15T21:07:03.763Z] Error: Failed to start the connection: Error: Failed to complete negotiation with the server: Error: <html>
<head><title>502 Bad Gateway</title></head>
<body>
<center><h1>502 Bad Gateway</h1></center>
<hr><center>openresty</center>
</body>
</html>
<!-- a padding to disable MSIE and Chrome friendly error page -->
<!-- a padding to disable MSIE and Chrome friendly error page -->
<!-- a padding to disable MSIE and Chrome friendly error page -->
<!-- a padding to disable MSIE and Chrome friendly error page -->
<!-- a padding to disable MSIE and Chrome friendly error page -->
<!-- a padding to disable MSIE and Chrome friendly error page -->
: Status code '502' @ https://r2.jjagd.net/_framework/blazor.web.qcnkhbt5lj.js:0
[24637850ms] [ERROR] [2026-04-15T21:07:03.763Z] Error: Error: Failed to complete negotiation with the server: Error: <html>
<head><title>502 Bad Gateway</title></head>
<body>
<center><h1>502 Bad Gateway</h1></center>
<hr><center>openresty</center>
</body>
</html>
<!-- a padding to disable MSIE and Chrome friendly error page -->
<!-- a padding to disable MSIE and Chrome friendly error page -->
<!-- a padding to disable MSIE and Chrome friendly error page -->
<!-- a padding to disable MSIE and Chrome friendly error page -->
<!-- a padding to disable MSIE and Chrome friendly error page -->
<!-- a padding to disable MSIE and Chrome friendly error page -->
: Status code '502' @ https://r2.jjagd.net/_framework/blazor.web.qcnkhbt5lj.js:0
[24637850ms] [ERROR] [2026-04-15T21:07:03.763Z] Error: Error: Failed to complete negotiation with the server: Error: <html>
<head><title>502 Bad Gateway</title></head>
<body>
<center><h1>502 Bad Gateway</h1></center>
<hr><center>openresty</center>
</body>
</html>
<!-- a padding to disable MSIE and Chrome friendly error page -->
<!-- a padding to disable MSIE and Chrome friendly error page -->
<!-- a padding to disable MSIE and Chrome friendly error page -->
<!-- a padding to disable MSIE and Chrome friendly error page -->
<!-- a padding to disable MSIE and Chrome friendly error page -->
<!-- a padding to disable MSIE and Chrome friendly error page -->
: Status code '502' @ https://r2.jjagd.net/_framework/blazor.web.qcnkhbt5lj.js:0
[24642853ms] [INFO] [2026-04-15T21:07:08.767Z] Information: Normalizing '_blazor' to 'https://r2.jjagd.net/_blazor'. @ https://r2.jjagd.net/_framework/blazor.web.qcnkhbt5lj.js:0
[24643288ms] [INFO] [2026-04-15T21:07:09.201Z] Information: WebSocket connected to wss://r2.jjagd.net/_blazor?id=N5RqTLMc2ZOb-s8AloHtZA. @ https://r2.jjagd.net/_framework/blazor.web.qcnkhbt5lj.js:0
[24643746ms] [INFO] [2026-04-15T21:07:09.659Z] Information: Normalizing '_blazor' to 'https://r2.jjagd.net/_blazor'. @ https://r2.jjagd.net/_framework/blazor.web.qcnkhbt5lj.js:0
[24644035ms] [INFO] [2026-04-15T21:07:09.949Z] Information: WebSocket connected to wss://r2.jjagd.net/_blazor?id=tX5nLZwoj7dNerX2gmFF1A. @ https://r2.jjagd.net/_framework/blazor.web.qcnkhbt5lj.js:0
[25598043ms] [ERROR] [2026-04-15T21:23:03.957Z] Error: Connection disconnected with error 'Error: WebSocket closed with status code: 1006 (no reason given).'. @ https://r2.jjagd.net/_framework/blazor.web.qcnkhbt5lj.js:0
[25598049ms] [INFO] [2026-04-15T21:23:03.963Z] Information: Normalizing '_blazor' to 'https://r2.jjagd.net/_blazor'. @ https://r2.jjagd.net/_framework/blazor.web.qcnkhbt5lj.js:0
[25598290ms] [ERROR] Failed to load resource: the server responded with a status of 502 () @ https://r2.jjagd.net/_blazor/negotiate?negotiateVersion=1:0
[25598291ms] [ERROR] [2026-04-15T21:23:04.204Z] Error: Failed to complete negotiation with the server: Error: <html>
<head><title>502 Bad Gateway</title></head>
<body>
<center><h1>502 Bad Gateway</h1></center>
<hr><center>openresty</center>
</body>
</html>
<!-- a padding to disable MSIE and Chrome friendly error page -->
<!-- a padding to disable MSIE and Chrome friendly error page -->
<!-- a padding to disable MSIE and Chrome friendly error page -->
<!-- a padding to disable MSIE and Chrome friendly error page -->
<!-- a padding to disable MSIE and Chrome friendly error page -->
<!-- a padding to disable MSIE and Chrome friendly error page -->
: Status code '502' @ https://r2.jjagd.net/_framework/blazor.web.qcnkhbt5lj.js:0
[25598291ms] [ERROR] [2026-04-15T21:23:04.204Z] Error: Failed to start the connection: Error: Failed to complete negotiation with the server: Error: <html>
<head><title>502 Bad Gateway</title></head>
<body>
<center><h1>502 Bad Gateway</h1></center>
<hr><center>openresty</center>
</body>
</html>
<!-- a padding to disable MSIE and Chrome friendly error page -->
<!-- a padding to disable MSIE and Chrome friendly error page -->
<!-- a padding to disable MSIE and Chrome friendly error page -->
<!-- a padding to disable MSIE and Chrome friendly error page -->
<!-- a padding to disable MSIE and Chrome friendly error page -->
<!-- a padding to disable MSIE and Chrome friendly error page -->
: Status code '502' @ https://r2.jjagd.net/_framework/blazor.web.qcnkhbt5lj.js:0
[25598291ms] [ERROR] [2026-04-15T21:23:04.204Z] Error: Error: Failed to complete negotiation with the server: Error: <html>
<head><title>502 Bad Gateway</title></head>
<body>
<center><h1>502 Bad Gateway</h1></center>
<hr><center>openresty</center>
</body>
</html>
<!-- a padding to disable MSIE and Chrome friendly error page -->
<!-- a padding to disable MSIE and Chrome friendly error page -->
<!-- a padding to disable MSIE and Chrome friendly error page -->
<!-- a padding to disable MSIE and Chrome friendly error page -->
<!-- a padding to disable MSIE and Chrome friendly error page -->
<!-- a padding to disable MSIE and Chrome friendly error page -->
: Status code '502' @ https://r2.jjagd.net/_framework/blazor.web.qcnkhbt5lj.js:0
[25598291ms] [ERROR] [2026-04-15T21:23:04.204Z] Error: Error: Failed to complete negotiation with the server: Error: <html>
<head><title>502 Bad Gateway</title></head>
<body>
<center><h1>502 Bad Gateway</h1></center>
<hr><center>openresty</center>
</body>
</html>
<!-- a padding to disable MSIE and Chrome friendly error page -->
<!-- a padding to disable MSIE and Chrome friendly error page -->
<!-- a padding to disable MSIE and Chrome friendly error page -->
<!-- a padding to disable MSIE and Chrome friendly error page -->
<!-- a padding to disable MSIE and Chrome friendly error page -->
<!-- a padding to disable MSIE and Chrome friendly error page -->
: Status code '502' @ https://r2.jjagd.net/_framework/blazor.web.qcnkhbt5lj.js:0
[25598291ms] [INFO] [2026-04-15T21:23:04.205Z] Information: Normalizing '_blazor' to 'https://r2.jjagd.net/_blazor'. @ https://r2.jjagd.net/_framework/blazor.web.qcnkhbt5lj.js:0
[25598293ms] [ERROR] Failed to load resource: the server responded with a status of 502 () @ https://r2.jjagd.net/_blazor/negotiate?negotiateVersion=1:0
[25598294ms] [ERROR] [2026-04-15T21:23:04.207Z] Error: Failed to complete negotiation with the server: Error: <html>
<head><title>502 Bad Gateway</title></head>
<body>
<center><h1>502 Bad Gateway</h1></center>
<hr><center>openresty</center>
</body>
</html>
<!-- a padding to disable MSIE and Chrome friendly error page -->
<!-- a padding to disable MSIE and Chrome friendly error page -->
<!-- a padding to disable MSIE and Chrome friendly error page -->
<!-- a padding to disable MSIE and Chrome friendly error page -->
<!-- a padding to disable MSIE and Chrome friendly error page -->
<!-- a padding to disable MSIE and Chrome friendly error page -->
: Status code '502' @ https://r2.jjagd.net/_framework/blazor.web.qcnkhbt5lj.js:0
[25598294ms] [ERROR] [2026-04-15T21:23:04.207Z] Error: Failed to start the connection: Error: Failed to complete negotiation with the server: Error: <html>
<head><title>502 Bad Gateway</title></head>
<body>
<center><h1>502 Bad Gateway</h1></center>
<hr><center>openresty</center>
</body>
</html>
<!-- a padding to disable MSIE and Chrome friendly error page -->
<!-- a padding to disable MSIE and Chrome friendly error page -->
<!-- a padding to disable MSIE and Chrome friendly error page -->
<!-- a padding to disable MSIE and Chrome friendly error page -->
<!-- a padding to disable MSIE and Chrome friendly error page -->
<!-- a padding to disable MSIE and Chrome friendly error page -->
: Status code '502' @ https://r2.jjagd.net/_framework/blazor.web.qcnkhbt5lj.js:0
[25598294ms] [ERROR] [2026-04-15T21:23:04.207Z] Error: Error: Failed to complete negotiation with the server: Error: <html>
<head><title>502 Bad Gateway</title></head>
<body>
<center><h1>502 Bad Gateway</h1></center>
<hr><center>openresty</center>
</body>
</html>
<!-- a padding to disable MSIE and Chrome friendly error page -->
<!-- a padding to disable MSIE and Chrome friendly error page -->
<!-- a padding to disable MSIE and Chrome friendly error page -->
<!-- a padding to disable MSIE and Chrome friendly error page -->
<!-- a padding to disable MSIE and Chrome friendly error page -->
<!-- a padding to disable MSIE and Chrome friendly error page -->
: Status code '502' @ https://r2.jjagd.net/_framework/blazor.web.qcnkhbt5lj.js:0
[25598294ms] [ERROR] [2026-04-15T21:23:04.207Z] Error: Error: Failed to complete negotiation with the server: Error: <html>
<head><title>502 Bad Gateway</title></head>
<body>
<center><h1>502 Bad Gateway</h1></center>
<hr><center>openresty</center>
</body>
</html>
<!-- a padding to disable MSIE and Chrome friendly error page -->
<!-- a padding to disable MSIE and Chrome friendly error page -->
<!-- a padding to disable MSIE and Chrome friendly error page -->
<!-- a padding to disable MSIE and Chrome friendly error page -->
<!-- a padding to disable MSIE and Chrome friendly error page -->
<!-- a padding to disable MSIE and Chrome friendly error page -->
: Status code '502' @ https://r2.jjagd.net/_framework/blazor.web.qcnkhbt5lj.js:0
[25598294ms] [INFO] [2026-04-15T21:23:04.207Z] Information: Normalizing '_blazor' to 'https://r2.jjagd.net/_blazor'. @ https://r2.jjagd.net/_framework/blazor.web.qcnkhbt5lj.js:0
[25598296ms] [ERROR] Failed to load resource: the server responded with a status of 502 () @ https://r2.jjagd.net/_blazor/negotiate?negotiateVersion=1:0
[25598296ms] [ERROR] [2026-04-15T21:23:04.209Z] Error: Failed to complete negotiation with the server: Error: <html>
<head><title>502 Bad Gateway</title></head>
<body>
<center><h1>502 Bad Gateway</h1></center>
<hr><center>openresty</center>
</body>
</html>
<!-- a padding to disable MSIE and Chrome friendly error page -->
<!-- a padding to disable MSIE and Chrome friendly error page -->
<!-- a padding to disable MSIE and Chrome friendly error page -->
<!-- a padding to disable MSIE and Chrome friendly error page -->
<!-- a padding to disable MSIE and Chrome friendly error page -->
<!-- a padding to disable MSIE and Chrome friendly error page -->
: Status code '502' @ https://r2.jjagd.net/_framework/blazor.web.qcnkhbt5lj.js:0
[25598296ms] [ERROR] [2026-04-15T21:23:04.209Z] Error: Failed to start the connection: Error: Failed to complete negotiation with the server: Error: <html>
<head><title>502 Bad Gateway</title></head>
<body>
<center><h1>502 Bad Gateway</h1></center>
<hr><center>openresty</center>
</body>
</html>
<!-- a padding to disable MSIE and Chrome friendly error page -->
<!-- a padding to disable MSIE and Chrome friendly error page -->
<!-- a padding to disable MSIE and Chrome friendly error page -->
<!-- a padding to disable MSIE and Chrome friendly error page -->
<!-- a padding to disable MSIE and Chrome friendly error page -->
<!-- a padding to disable MSIE and Chrome friendly error page -->
: Status code '502' @ https://r2.jjagd.net/_framework/blazor.web.qcnkhbt5lj.js:0
[25598296ms] [ERROR] [2026-04-15T21:23:04.209Z] Error: Error: Failed to complete negotiation with the server: Error: <html>
<head><title>502 Bad Gateway</title></head>
<body>
<center><h1>502 Bad Gateway</h1></center>
<hr><center>openresty</center>
</body>
</html>
<!-- a padding to disable MSIE and Chrome friendly error page -->
<!-- a padding to disable MSIE and Chrome friendly error page -->
<!-- a padding to disable MSIE and Chrome friendly error page -->
<!-- a padding to disable MSIE and Chrome friendly error page -->
<!-- a padding to disable MSIE and Chrome friendly error page -->
<!-- a padding to disable MSIE and Chrome friendly error page -->
: Status code '502' @ https://r2.jjagd.net/_framework/blazor.web.qcnkhbt5lj.js:0
[25598296ms] [ERROR] [2026-04-15T21:23:04.210Z] Error: Error: Failed to complete negotiation with the server: Error: <html>
<head><title>502 Bad Gateway</title></head>
<body>
<center><h1>502 Bad Gateway</h1></center>
<hr><center>openresty</center>
</body>
</html>
<!-- a padding to disable MSIE and Chrome friendly error page -->
<!-- a padding to disable MSIE and Chrome friendly error page -->
<!-- a padding to disable MSIE and Chrome friendly error page -->
<!-- a padding to disable MSIE and Chrome friendly error page -->
<!-- a padding to disable MSIE and Chrome friendly error page -->
<!-- a padding to disable MSIE and Chrome friendly error page -->
: Status code '502' @ https://r2.jjagd.net/_framework/blazor.web.qcnkhbt5lj.js:0
[25598296ms] [INFO] [2026-04-15T21:23:04.210Z] Information: Normalizing '_blazor' to 'https://r2.jjagd.net/_blazor'. @ https://r2.jjagd.net/_framework/blazor.web.qcnkhbt5lj.js:0
[25598298ms] [ERROR] Failed to load resource: the server responded with a status of 502 () @ https://r2.jjagd.net/_blazor/negotiate?negotiateVersion=1:0
[25598298ms] [ERROR] [2026-04-15T21:23:04.212Z] Error: Failed to complete negotiation with the server: Error: <html>
<head><title>502 Bad Gateway</title></head>
<body>
<center><h1>502 Bad Gateway</h1></center>
<hr><center>openresty</center>
</body>
</html>
<!-- a padding to disable MSIE and Chrome friendly error page -->
<!-- a padding to disable MSIE and Chrome friendly error page -->
<!-- a padding to disable MSIE and Chrome friendly error page -->
<!-- a padding to disable MSIE and Chrome friendly error page -->
<!-- a padding to disable MSIE and Chrome friendly error page -->
<!-- a padding to disable MSIE and Chrome friendly error page -->
: Status code '502' @ https://r2.jjagd.net/_framework/blazor.web.qcnkhbt5lj.js:0
[25598298ms] [ERROR] [2026-04-15T21:23:04.212Z] Error: Failed to start the connection: Error: Failed to complete negotiation with the server: Error: <html>
<head><title>502 Bad Gateway</title></head>
<body>
<center><h1>502 Bad Gateway</h1></center>
<hr><center>openresty</center>
</body>
</html>
<!-- a padding to disable MSIE and Chrome friendly error page -->
<!-- a padding to disable MSIE and Chrome friendly error page -->
<!-- a padding to disable MSIE and Chrome friendly error page -->
<!-- a padding to disable MSIE and Chrome friendly error page -->
<!-- a padding to disable MSIE and Chrome friendly error page -->
<!-- a padding to disable MSIE and Chrome friendly error page -->
: Status code '502' @ https://r2.jjagd.net/_framework/blazor.web.qcnkhbt5lj.js:0
[25598298ms] [ERROR] [2026-04-15T21:23:04.212Z] Error: Error: Failed to complete negotiation with the server: Error: <html>
<head><title>502 Bad Gateway</title></head>
<body>
<center><h1>502 Bad Gateway</h1></center>
<hr><center>openresty</center>
</body>
</html>
<!-- a padding to disable MSIE and Chrome friendly error page -->
<!-- a padding to disable MSIE and Chrome friendly error page -->
<!-- a padding to disable MSIE and Chrome friendly error page -->
<!-- a padding to disable MSIE and Chrome friendly error page -->
<!-- a padding to disable MSIE and Chrome friendly error page -->
<!-- a padding to disable MSIE and Chrome friendly error page -->
: Status code '502' @ https://r2.jjagd.net/_framework/blazor.web.qcnkhbt5lj.js:0
[25598299ms] [ERROR] [2026-04-15T21:23:04.212Z] Error: Error: Failed to complete negotiation with the server: Error: <html>
<head><title>502 Bad Gateway</title></head>
<body>
<center><h1>502 Bad Gateway</h1></center>
<hr><center>openresty</center>
</body>
</html>
<!-- a padding to disable MSIE and Chrome friendly error page -->
<!-- a padding to disable MSIE and Chrome friendly error page -->
<!-- a padding to disable MSIE and Chrome friendly error page -->
<!-- a padding to disable MSIE and Chrome friendly error page -->
<!-- a padding to disable MSIE and Chrome friendly error page -->
<!-- a padding to disable MSIE and Chrome friendly error page -->
: Status code '502' @ https://r2.jjagd.net/_framework/blazor.web.qcnkhbt5lj.js:0
[25598299ms] [INFO] [2026-04-15T21:23:04.212Z] Information: Normalizing '_blazor' to 'https://r2.jjagd.net/_blazor'. @ https://r2.jjagd.net/_framework/blazor.web.qcnkhbt5lj.js:0
[25598300ms] [ERROR] Failed to load resource: the server responded with a status of 502 () @ https://r2.jjagd.net/_blazor/negotiate?negotiateVersion=1:0
[25598300ms] [ERROR] [2026-04-15T21:23:04.214Z] Error: Failed to complete negotiation with the server: Error: <html>
<head><title>502 Bad Gateway</title></head>
<body>
<center><h1>502 Bad Gateway</h1></center>
<hr><center>openresty</center>
</body>
</html>
<!-- a padding to disable MSIE and Chrome friendly error page -->
<!-- a padding to disable MSIE and Chrome friendly error page -->
<!-- a padding to disable MSIE and Chrome friendly error page -->
<!-- a padding to disable MSIE and Chrome friendly error page -->
<!-- a padding to disable MSIE and Chrome friendly error page -->
<!-- a padding to disable MSIE and Chrome friendly error page -->
: Status code '502' @ https://r2.jjagd.net/_framework/blazor.web.qcnkhbt5lj.js:0
[25598301ms] [ERROR] [2026-04-15T21:23:04.214Z] Error: Failed to start the connection: Error: Failed to complete negotiation with the server: Error: <html>
<head><title>502 Bad Gateway</title></head>
<body>
<center><h1>502 Bad Gateway</h1></center>
<hr><center>openresty</center>
</body>
</html>
<!-- a padding to disable MSIE and Chrome friendly error page -->
<!-- a padding to disable MSIE and Chrome friendly error page -->
<!-- a padding to disable MSIE and Chrome friendly error page -->
<!-- a padding to disable MSIE and Chrome friendly error page -->
<!-- a padding to disable MSIE and Chrome friendly error page -->
<!-- a padding to disable MSIE and Chrome friendly error page -->
: Status code '502' @ https://r2.jjagd.net/_framework/blazor.web.qcnkhbt5lj.js:0
[25598301ms] [ERROR] [2026-04-15T21:23:04.214Z] Error: Error: Failed to complete negotiation with the server: Error: <html>
<head><title>502 Bad Gateway</title></head>
<body>
<center><h1>502 Bad Gateway</h1></center>
<hr><center>openresty</center>
</body>
</html>
<!-- a padding to disable MSIE and Chrome friendly error page -->
<!-- a padding to disable MSIE and Chrome friendly error page -->
<!-- a padding to disable MSIE and Chrome friendly error page -->
<!-- a padding to disable MSIE and Chrome friendly error page -->
<!-- a padding to disable MSIE and Chrome friendly error page -->
<!-- a padding to disable MSIE and Chrome friendly error page -->
: Status code '502' @ https://r2.jjagd.net/_framework/blazor.web.qcnkhbt5lj.js:0
[25598301ms] [ERROR] [2026-04-15T21:23:04.214Z] Error: Error: Failed to complete negotiation with the server: Error: <html>
<head><title>502 Bad Gateway</title></head>
<body>
<center><h1>502 Bad Gateway</h1></center>
<hr><center>openresty</center>
</body>
</html>
<!-- a padding to disable MSIE and Chrome friendly error page -->
<!-- a padding to disable MSIE and Chrome friendly error page -->
<!-- a padding to disable MSIE and Chrome friendly error page -->
<!-- a padding to disable MSIE and Chrome friendly error page -->
<!-- a padding to disable MSIE and Chrome friendly error page -->
<!-- a padding to disable MSIE and Chrome friendly error page -->
: Status code '502' @ https://r2.jjagd.net/_framework/blazor.web.qcnkhbt5lj.js:0
[25598301ms] [INFO] [2026-04-15T21:23:04.214Z] Information: Normalizing '_blazor' to 'https://r2.jjagd.net/_blazor'. @ https://r2.jjagd.net/_framework/blazor.web.qcnkhbt5lj.js:0
[25598302ms] [ERROR] Failed to load resource: the server responded with a status of 502 () @ https://r2.jjagd.net/_blazor/negotiate?negotiateVersion=1:0
[25598302ms] [ERROR] [2026-04-15T21:23:04.216Z] Error: Failed to complete negotiation with the server: Error: <html>
<head><title>502 Bad Gateway</title></head>
<body>
<center><h1>502 Bad Gateway</h1></center>
<hr><center>openresty</center>
</body>
</html>
<!-- a padding to disable MSIE and Chrome friendly error page -->
<!-- a padding to disable MSIE and Chrome friendly error page -->
<!-- a padding to disable MSIE and Chrome friendly error page -->
<!-- a padding to disable MSIE and Chrome friendly error page -->
<!-- a padding to disable MSIE and Chrome friendly error page -->
<!-- a padding to disable MSIE and Chrome friendly error page -->
: Status code '502' @ https://r2.jjagd.net/_framework/blazor.web.qcnkhbt5lj.js:0
[25598302ms] [ERROR] [2026-04-15T21:23:04.216Z] Error: Failed to start the connection: Error: Failed to complete negotiation with the server: Error: <html>
<head><title>502 Bad Gateway</title></head>
<body>
<center><h1>502 Bad Gateway</h1></center>
<hr><center>openresty</center>
</body>
</html>
<!-- a padding to disable MSIE and Chrome friendly error page -->
<!-- a padding to disable MSIE and Chrome friendly error page -->
<!-- a padding to disable MSIE and Chrome friendly error page -->
<!-- a padding to disable MSIE and Chrome friendly error page -->
<!-- a padding to disable MSIE and Chrome friendly error page -->
<!-- a padding to disable MSIE and Chrome friendly error page -->
: Status code '502' @ https://r2.jjagd.net/_framework/blazor.web.qcnkhbt5lj.js:0
[25598302ms] [ERROR] [2026-04-15T21:23:04.216Z] Error: Error: Failed to complete negotiation with the server: Error: <html>
<head><title>502 Bad Gateway</title></head>
<body>
<center><h1>502 Bad Gateway</h1></center>
<hr><center>openresty</center>
</body>
</html>
<!-- a padding to disable MSIE and Chrome friendly error page -->
<!-- a padding to disable MSIE and Chrome friendly error page -->
<!-- a padding to disable MSIE and Chrome friendly error page -->
<!-- a padding to disable MSIE and Chrome friendly error page -->
<!-- a padding to disable MSIE and Chrome friendly error page -->
<!-- a padding to disable MSIE and Chrome friendly error page -->
: Status code '502' @ https://r2.jjagd.net/_framework/blazor.web.qcnkhbt5lj.js:0
[25598302ms] [ERROR] [2026-04-15T21:23:04.216Z] Error: Error: Failed to complete negotiation with the server: Error: <html>
<head><title>502 Bad Gateway</title></head>
<body>
<center><h1>502 Bad Gateway</h1></center>
<hr><center>openresty</center>
</body>
</html>
<!-- a padding to disable MSIE and Chrome friendly error page -->
<!-- a padding to disable MSIE and Chrome friendly error page -->
<!-- a padding to disable MSIE and Chrome friendly error page -->
<!-- a padding to disable MSIE and Chrome friendly error page -->
<!-- a padding to disable MSIE and Chrome friendly error page -->
<!-- a padding to disable MSIE and Chrome friendly error page -->
: Status code '502' @ https://r2.jjagd.net/_framework/blazor.web.qcnkhbt5lj.js:0
[25598302ms] [INFO] [2026-04-15T21:23:04.216Z] Information: Normalizing '_blazor' to 'https://r2.jjagd.net/_blazor'. @ https://r2.jjagd.net/_framework/blazor.web.qcnkhbt5lj.js:0
[25598304ms] [ERROR] Failed to load resource: the server responded with a status of 502 () @ https://r2.jjagd.net/_blazor/negotiate?negotiateVersion=1:0
[25598304ms] [ERROR] [2026-04-15T21:23:04.218Z] Error: Failed to complete negotiation with the server: Error: <html>
<head><title>502 Bad Gateway</title></head>
<body>
<center><h1>502 Bad Gateway</h1></center>
<hr><center>openresty</center>
</body>
</html>
<!-- a padding to disable MSIE and Chrome friendly error page -->
<!-- a padding to disable MSIE and Chrome friendly error page -->
<!-- a padding to disable MSIE and Chrome friendly error page -->
<!-- a padding to disable MSIE and Chrome friendly error page -->
<!-- a padding to disable MSIE and Chrome friendly error page -->
<!-- a padding to disable MSIE and Chrome friendly error page -->
: Status code '502' @ https://r2.jjagd.net/_framework/blazor.web.qcnkhbt5lj.js:0
[25598304ms] [ERROR] [2026-04-15T21:23:04.218Z] Error: Failed to start the connection: Error: Failed to complete negotiation with the server: Error: <html>
<head><title>502 Bad Gateway</title></head>
<body>
<center><h1>502 Bad Gateway</h1></center>
<hr><center>openresty</center>
</body>
</html>
<!-- a padding to disable MSIE and Chrome friendly error page -->
<!-- a padding to disable MSIE and Chrome friendly error page -->
<!-- a padding to disable MSIE and Chrome friendly error page -->
<!-- a padding to disable MSIE and Chrome friendly error page -->
<!-- a padding to disable MSIE and Chrome friendly error page -->
<!-- a padding to disable MSIE and Chrome friendly error page -->
: Status code '502' @ https://r2.jjagd.net/_framework/blazor.web.qcnkhbt5lj.js:0
[25598304ms] [ERROR] [2026-04-15T21:23:04.218Z] Error: Error: Failed to complete negotiation with the server: Error: <html>
<head><title>502 Bad Gateway</title></head>
<body>
<center><h1>502 Bad Gateway</h1></center>
<hr><center>openresty</center>
</body>
</html>
<!-- a padding to disable MSIE and Chrome friendly error page -->
<!-- a padding to disable MSIE and Chrome friendly error page -->
<!-- a padding to disable MSIE and Chrome friendly error page -->
<!-- a padding to disable MSIE and Chrome friendly error page -->
<!-- a padding to disable MSIE and Chrome friendly error page -->
<!-- a padding to disable MSIE and Chrome friendly error page -->
: Status code '502' @ https://r2.jjagd.net/_framework/blazor.web.qcnkhbt5lj.js:0
[25598304ms] [ERROR] [2026-04-15T21:23:04.218Z] Error: Error: Failed to complete negotiation with the server: Error: <html>
<head><title>502 Bad Gateway</title></head>
<body>
<center><h1>502 Bad Gateway</h1></center>
<hr><center>openresty</center>
</body>
</html>
<!-- a padding to disable MSIE and Chrome friendly error page -->
<!-- a padding to disable MSIE and Chrome friendly error page -->
<!-- a padding to disable MSIE and Chrome friendly error page -->
<!-- a padding to disable MSIE and Chrome friendly error page -->
<!-- a padding to disable MSIE and Chrome friendly error page -->
<!-- a padding to disable MSIE and Chrome friendly error page -->
: Status code '502' @ https://r2.jjagd.net/_framework/blazor.web.qcnkhbt5lj.js:0
[25598304ms] [INFO] [2026-04-15T21:23:04.218Z] Information: Normalizing '_blazor' to 'https://r2.jjagd.net/_blazor'. @ https://r2.jjagd.net/_framework/blazor.web.qcnkhbt5lj.js:0
[25598306ms] [ERROR] Failed to load resource: the server responded with a status of 502 () @ https://r2.jjagd.net/_blazor/negotiate?negotiateVersion=1:0
[25598306ms] [ERROR] [2026-04-15T21:23:04.219Z] Error: Failed to complete negotiation with the server: Error: <html>
<head><title>502 Bad Gateway</title></head>
<body>
<center><h1>502 Bad Gateway</h1></center>
<hr><center>openresty</center>
</body>
</html>
<!-- a padding to disable MSIE and Chrome friendly error page -->
<!-- a padding to disable MSIE and Chrome friendly error page -->
<!-- a padding to disable MSIE and Chrome friendly error page -->
<!-- a padding to disable MSIE and Chrome friendly error page -->
<!-- a padding to disable MSIE and Chrome friendly error page -->
<!-- a padding to disable MSIE and Chrome friendly error page -->
: Status code '502' @ https://r2.jjagd.net/_framework/blazor.web.qcnkhbt5lj.js:0
[25598306ms] [ERROR] [2026-04-15T21:23:04.219Z] Error: Failed to start the connection: Error: Failed to complete negotiation with the server: Error: <html>
<head><title>502 Bad Gateway</title></head>
<body>
<center><h1>502 Bad Gateway</h1></center>
<hr><center>openresty</center>
</body>
</html>
<!-- a padding to disable MSIE and Chrome friendly error page -->
<!-- a padding to disable MSIE and Chrome friendly error page -->
<!-- a padding to disable MSIE and Chrome friendly error page -->
<!-- a padding to disable MSIE and Chrome friendly error page -->
<!-- a padding to disable MSIE and Chrome friendly error page -->
<!-- a padding to disable MSIE and Chrome friendly error page -->
: Status code '502' @ https://r2.jjagd.net/_framework/blazor.web.qcnkhbt5lj.js:0
[25598306ms] [ERROR] [2026-04-15T21:23:04.219Z] Error: Error: Failed to complete negotiation with the server: Error: <html>
<head><title>502 Bad Gateway</title></head>
<body>
<center><h1>502 Bad Gateway</h1></center>
<hr><center>openresty</center>
</body>
</html>
<!-- a padding to disable MSIE and Chrome friendly error page -->
<!-- a padding to disable MSIE and Chrome friendly error page -->
<!-- a padding to disable MSIE and Chrome friendly error page -->
<!-- a padding to disable MSIE and Chrome friendly error page -->
<!-- a padding to disable MSIE and Chrome friendly error page -->
<!-- a padding to disable MSIE and Chrome friendly error page -->
: Status code '502' @ https://r2.jjagd.net/_framework/blazor.web.qcnkhbt5lj.js:0
[25598306ms] [ERROR] [2026-04-15T21:23:04.219Z] Error: Error: Failed to complete negotiation with the server: Error: <html>
<head><title>502 Bad Gateway</title></head>
<body>
<center><h1>502 Bad Gateway</h1></center>
<hr><center>openresty</center>
</body>
</html>
<!-- a padding to disable MSIE and Chrome friendly error page -->
<!-- a padding to disable MSIE and Chrome friendly error page -->
<!-- a padding to disable MSIE and Chrome friendly error page -->
<!-- a padding to disable MSIE and Chrome friendly error page -->
<!-- a padding to disable MSIE and Chrome friendly error page -->
<!-- a padding to disable MSIE and Chrome friendly error page -->
: Status code '502' @ https://r2.jjagd.net/_framework/blazor.web.qcnkhbt5lj.js:0
[25598306ms] [INFO] [2026-04-15T21:23:04.219Z] Information: Normalizing '_blazor' to 'https://r2.jjagd.net/_blazor'. @ https://r2.jjagd.net/_framework/blazor.web.qcnkhbt5lj.js:0
[25598308ms] [ERROR] Failed to load resource: the server responded with a status of 502 () @ https://r2.jjagd.net/_blazor/negotiate?negotiateVersion=1:0
[25598308ms] [ERROR] [2026-04-15T21:23:04.222Z] Error: Failed to complete negotiation with the server: Error: <html>
<head><title>502 Bad Gateway</title></head>
<body>
<center><h1>502 Bad Gateway</h1></center>
<hr><center>openresty</center>
</body>
</html>
<!-- a padding to disable MSIE and Chrome friendly error page -->
<!-- a padding to disable MSIE and Chrome friendly error page -->
<!-- a padding to disable MSIE and Chrome friendly error page -->
<!-- a padding to disable MSIE and Chrome friendly error page -->
<!-- a padding to disable MSIE and Chrome friendly error page -->
<!-- a padding to disable MSIE and Chrome friendly error page -->
: Status code '502' @ https://r2.jjagd.net/_framework/blazor.web.qcnkhbt5lj.js:0
[25598309ms] [ERROR] [2026-04-15T21:23:04.222Z] Error: Failed to start the connection: Error: Failed to complete negotiation with the server: Error: <html>
<head><title>502 Bad Gateway</title></head>
<body>
<center><h1>502 Bad Gateway</h1></center>
<hr><center>openresty</center>
</body>
</html>
<!-- a padding to disable MSIE and Chrome friendly error page -->
<!-- a padding to disable MSIE and Chrome friendly error page -->
<!-- a padding to disable MSIE and Chrome friendly error page -->
<!-- a padding to disable MSIE and Chrome friendly error page -->
<!-- a padding to disable MSIE and Chrome friendly error page -->
<!-- a padding to disable MSIE and Chrome friendly error page -->
: Status code '502' @ https://r2.jjagd.net/_framework/blazor.web.qcnkhbt5lj.js:0
[25598309ms] [ERROR] [2026-04-15T21:23:04.222Z] Error: Error: Failed to complete negotiation with the server: Error: <html>
<head><title>502 Bad Gateway</title></head>
<body>
<center><h1>502 Bad Gateway</h1></center>
<hr><center>openresty</center>
</body>
</html>
<!-- a padding to disable MSIE and Chrome friendly error page -->
<!-- a padding to disable MSIE and Chrome friendly error page -->
<!-- a padding to disable MSIE and Chrome friendly error page -->
<!-- a padding to disable MSIE and Chrome friendly error page -->
<!-- a padding to disable MSIE and Chrome friendly error page -->
<!-- a padding to disable MSIE and Chrome friendly error page -->
: Status code '502' @ https://r2.jjagd.net/_framework/blazor.web.qcnkhbt5lj.js:0
[25598309ms] [ERROR] [2026-04-15T21:23:04.222Z] Error: Error: Failed to complete negotiation with the server: Error: <html>
<head><title>502 Bad Gateway</title></head>
<body>
<center><h1>502 Bad Gateway</h1></center>
<hr><center>openresty</center>
</body>
</html>
<!-- a padding to disable MSIE and Chrome friendly error page -->
<!-- a padding to disable MSIE and Chrome friendly error page -->
<!-- a padding to disable MSIE and Chrome friendly error page -->
<!-- a padding to disable MSIE and Chrome friendly error page -->
<!-- a padding to disable MSIE and Chrome friendly error page -->
<!-- a padding to disable MSIE and Chrome friendly error page -->
: Status code '502' @ https://r2.jjagd.net/_framework/blazor.web.qcnkhbt5lj.js:0
[25598309ms] [INFO] [2026-04-15T21:23:04.222Z] Information: Normalizing '_blazor' to 'https://r2.jjagd.net/_blazor'. @ https://r2.jjagd.net/_framework/blazor.web.qcnkhbt5lj.js:0
[25598312ms] [ERROR] Failed to load resource: the server responded with a status of 502 () @ https://r2.jjagd.net/_blazor/negotiate?negotiateVersion=1:0
[25598312ms] [ERROR] [2026-04-15T21:23:04.225Z] Error: Failed to complete negotiation with the server: Error: <html>
<head><title>502 Bad Gateway</title></head>
<body>
<center><h1>502 Bad Gateway</h1></center>
<hr><center>openresty</center>
</body>
</html>
<!-- a padding to disable MSIE and Chrome friendly error page -->
<!-- a padding to disable MSIE and Chrome friendly error page -->
<!-- a padding to disable MSIE and Chrome friendly error page -->
<!-- a padding to disable MSIE and Chrome friendly error page -->
<!-- a padding to disable MSIE and Chrome friendly error page -->
<!-- a padding to disable MSIE and Chrome friendly error page -->
: Status code '502' @ https://r2.jjagd.net/_framework/blazor.web.qcnkhbt5lj.js:0
[25598312ms] [ERROR] [2026-04-15T21:23:04.225Z] Error: Failed to start the connection: Error: Failed to complete negotiation with the server: Error: <html>
<head><title>502 Bad Gateway</title></head>
<body>
<center><h1>502 Bad Gateway</h1></center>
<hr><center>openresty</center>
</body>
</html>
<!-- a padding to disable MSIE and Chrome friendly error page -->
<!-- a padding to disable MSIE and Chrome friendly error page -->
<!-- a padding to disable MSIE and Chrome friendly error page -->
<!-- a padding to disable MSIE and Chrome friendly error page -->
<!-- a padding to disable MSIE and Chrome friendly error page -->
<!-- a padding to disable MSIE and Chrome friendly error page -->
: Status code '502' @ https://r2.jjagd.net/_framework/blazor.web.qcnkhbt5lj.js:0
[25598312ms] [ERROR] [2026-04-15T21:23:04.225Z] Error: Error: Failed to complete negotiation with the server: Error: <html>
<head><title>502 Bad Gateway</title></head>
<body>
<center><h1>502 Bad Gateway</h1></center>
<hr><center>openresty</center>
</body>
</html>
<!-- a padding to disable MSIE and Chrome friendly error page -->
<!-- a padding to disable MSIE and Chrome friendly error page -->
<!-- a padding to disable MSIE and Chrome friendly error page -->
<!-- a padding to disable MSIE and Chrome friendly error page -->
<!-- a padding to disable MSIE and Chrome friendly error page -->
<!-- a padding to disable MSIE and Chrome friendly error page -->
: Status code '502' @ https://r2.jjagd.net/_framework/blazor.web.qcnkhbt5lj.js:0
[25598312ms] [ERROR] [2026-04-15T21:23:04.225Z] Error: Error: Failed to complete negotiation with the server: Error: <html>
<head><title>502 Bad Gateway</title></head>
<body>
<center><h1>502 Bad Gateway</h1></center>
<hr><center>openresty</center>
</body>
</html>
<!-- a padding to disable MSIE and Chrome friendly error page -->
<!-- a padding to disable MSIE and Chrome friendly error page -->
<!-- a padding to disable MSIE and Chrome friendly error page -->
<!-- a padding to disable MSIE and Chrome friendly error page -->
<!-- a padding to disable MSIE and Chrome friendly error page -->
<!-- a padding to disable MSIE and Chrome friendly error page -->
: Status code '502' @ https://r2.jjagd.net/_framework/blazor.web.qcnkhbt5lj.js:0
[25603314ms] [INFO] [2026-04-15T21:23:09.228Z] Information: Normalizing '_blazor' to 'https://r2.jjagd.net/_blazor'. @ https://r2.jjagd.net/_framework/blazor.web.qcnkhbt5lj.js:0
[25603317ms] [ERROR] Failed to load resource: the server responded with a status of 502 () @ https://r2.jjagd.net/_blazor/negotiate?negotiateVersion=1:0
[25603317ms] [ERROR] [2026-04-15T21:23:09.230Z] Error: Failed to complete negotiation with the server: Error: <html>
<head><title>502 Bad Gateway</title></head>
<body>
<center><h1>502 Bad Gateway</h1></center>
<hr><center>openresty</center>
</body>
</html>
<!-- a padding to disable MSIE and Chrome friendly error page -->
<!-- a padding to disable MSIE and Chrome friendly error page -->
<!-- a padding to disable MSIE and Chrome friendly error page -->
<!-- a padding to disable MSIE and Chrome friendly error page -->
<!-- a padding to disable MSIE and Chrome friendly error page -->
<!-- a padding to disable MSIE and Chrome friendly error page -->
: Status code '502' @ https://r2.jjagd.net/_framework/blazor.web.qcnkhbt5lj.js:0
[25603317ms] [ERROR] [2026-04-15T21:23:09.231Z] Error: Failed to start the connection: Error: Failed to complete negotiation with the server: Error: <html>
<head><title>502 Bad Gateway</title></head>
<body>
<center><h1>502 Bad Gateway</h1></center>
<hr><center>openresty</center>
</body>
</html>
<!-- a padding to disable MSIE and Chrome friendly error page -->
<!-- a padding to disable MSIE and Chrome friendly error page -->
<!-- a padding to disable MSIE and Chrome friendly error page -->
<!-- a padding to disable MSIE and Chrome friendly error page -->
<!-- a padding to disable MSIE and Chrome friendly error page -->
<!-- a padding to disable MSIE and Chrome friendly error page -->
: Status code '502' @ https://r2.jjagd.net/_framework/blazor.web.qcnkhbt5lj.js:0
[25603317ms] [ERROR] [2026-04-15T21:23:09.231Z] Error: Error: Failed to complete negotiation with the server: Error: <html>
<head><title>502 Bad Gateway</title></head>
<body>
<center><h1>502 Bad Gateway</h1></center>
<hr><center>openresty</center>
</body>
</html>
<!-- a padding to disable MSIE and Chrome friendly error page -->
<!-- a padding to disable MSIE and Chrome friendly error page -->
<!-- a padding to disable MSIE and Chrome friendly error page -->
<!-- a padding to disable MSIE and Chrome friendly error page -->
<!-- a padding to disable MSIE and Chrome friendly error page -->
<!-- a padding to disable MSIE and Chrome friendly error page -->
: Status code '502' @ https://r2.jjagd.net/_framework/blazor.web.qcnkhbt5lj.js:0
[25603317ms] [ERROR] [2026-04-15T21:23:09.231Z] Error: Error: Failed to complete negotiation with the server: Error: <html>
<head><title>502 Bad Gateway</title></head>
<body>
<center><h1>502 Bad Gateway</h1></center>
<hr><center>openresty</center>
</body>
</html>
<!-- a padding to disable MSIE and Chrome friendly error page -->
<!-- a padding to disable MSIE and Chrome friendly error page -->
<!-- a padding to disable MSIE and Chrome friendly error page -->
<!-- a padding to disable MSIE and Chrome friendly error page -->
<!-- a padding to disable MSIE and Chrome friendly error page -->
<!-- a padding to disable MSIE and Chrome friendly error page -->
: Status code '502' @ https://r2.jjagd.net/_framework/blazor.web.qcnkhbt5lj.js:0
[25608320ms] [INFO] [2026-04-15T21:23:14.233Z] Information: Normalizing '_blazor' to 'https://r2.jjagd.net/_blazor'. @ https://r2.jjagd.net/_framework/blazor.web.qcnkhbt5lj.js:0
[25608324ms] [ERROR] Failed to load resource: the server responded with a status of 502 () @ https://r2.jjagd.net/_blazor/negotiate?negotiateVersion=1:0
[25608324ms] [ERROR] [2026-04-15T21:23:14.237Z] Error: Failed to complete negotiation with the server: Error: <html>
<head><title>502 Bad Gateway</title></head>
<body>
<center><h1>502 Bad Gateway</h1></center>
<hr><center>openresty</center>
</body>
</html>
<!-- a padding to disable MSIE and Chrome friendly error page -->
<!-- a padding to disable MSIE and Chrome friendly error page -->
<!-- a padding to disable MSIE and Chrome friendly error page -->
<!-- a padding to disable MSIE and Chrome friendly error page -->
<!-- a padding to disable MSIE and Chrome friendly error page -->
<!-- a padding to disable MSIE and Chrome friendly error page -->
: Status code '502' @ https://r2.jjagd.net/_framework/blazor.web.qcnkhbt5lj.js:0
[25608324ms] [ERROR] [2026-04-15T21:23:14.238Z] Error: Failed to start the connection: Error: Failed to complete negotiation with the server: Error: <html>
<head><title>502 Bad Gateway</title></head>
<body>
<center><h1>502 Bad Gateway</h1></center>
<hr><center>openresty</center>
</body>
</html>
<!-- a padding to disable MSIE and Chrome friendly error page -->
<!-- a padding to disable MSIE and Chrome friendly error page -->
<!-- a padding to disable MSIE and Chrome friendly error page -->
<!-- a padding to disable MSIE and Chrome friendly error page -->
<!-- a padding to disable MSIE and Chrome friendly error page -->
<!-- a padding to disable MSIE and Chrome friendly error page -->
: Status code '502' @ https://r2.jjagd.net/_framework/blazor.web.qcnkhbt5lj.js:0
[25608324ms] [ERROR] [2026-04-15T21:23:14.238Z] Error: Error: Failed to complete negotiation with the server: Error: <html>
<head><title>502 Bad Gateway</title></head>
<body>
<center><h1>502 Bad Gateway</h1></center>
<hr><center>openresty</center>
</body>
</html>
<!-- a padding to disable MSIE and Chrome friendly error page -->
<!-- a padding to disable MSIE and Chrome friendly error page -->
<!-- a padding to disable MSIE and Chrome friendly error page -->
<!-- a padding to disable MSIE and Chrome friendly error page -->
<!-- a padding to disable MSIE and Chrome friendly error page -->
<!-- a padding to disable MSIE and Chrome friendly error page -->
: Status code '502' @ https://r2.jjagd.net/_framework/blazor.web.qcnkhbt5lj.js:0
[25608324ms] [ERROR] [2026-04-15T21:23:14.238Z] Error: Error: Failed to complete negotiation with the server: Error: <html>
<head><title>502 Bad Gateway</title></head>
<body>
<center><h1>502 Bad Gateway</h1></center>
<hr><center>openresty</center>
</body>
</html>
<!-- a padding to disable MSIE and Chrome friendly error page -->
<!-- a padding to disable MSIE and Chrome friendly error page -->
<!-- a padding to disable MSIE and Chrome friendly error page -->
<!-- a padding to disable MSIE and Chrome friendly error page -->
<!-- a padding to disable MSIE and Chrome friendly error page -->
<!-- a padding to disable MSIE and Chrome friendly error page -->
: Status code '502' @ https://r2.jjagd.net/_framework/blazor.web.qcnkhbt5lj.js:0
[25613326ms] [INFO] [2026-04-15T21:23:19.240Z] Information: Normalizing '_blazor' to 'https://r2.jjagd.net/_blazor'. @ https://r2.jjagd.net/_framework/blazor.web.qcnkhbt5lj.js:0
[25613691ms] [ERROR] Failed to load resource: net::ERR_SSL_UNRECOGNIZED_NAME_ALERT @ https://r2.jjagd.net/_blazor/negotiate?negotiateVersion=1:0
[25613691ms] [WARNING] [2026-04-15T21:23:19.605Z] Warning: Error from HTTP request. TypeError: Failed to fetch. @ https://r2.jjagd.net/_framework/blazor.web.qcnkhbt5lj.js:0
[25613692ms] [ERROR] [2026-04-15T21:23:19.605Z] Error: Failed to complete negotiation with the server: TypeError: Failed to fetch @ https://r2.jjagd.net/_framework/blazor.web.qcnkhbt5lj.js:0
[25613692ms] [ERROR] [2026-04-15T21:23:19.605Z] Error: Failed to start the connection: Error: Failed to complete negotiation with the server: TypeError: Failed to fetch @ https://r2.jjagd.net/_framework/blazor.web.qcnkhbt5lj.js:0
[25613692ms] [ERROR] [2026-04-15T21:23:19.605Z] Error: Error: Failed to complete negotiation with the server: TypeError: Failed to fetch @ https://r2.jjagd.net/_framework/blazor.web.qcnkhbt5lj.js:0
[25613692ms] [ERROR] [2026-04-15T21:23:19.605Z] Error: Error: Failed to complete negotiation with the server: TypeError: Failed to fetch @ https://r2.jjagd.net/_framework/blazor.web.qcnkhbt5lj.js:0
[25618694ms] [INFO] [2026-04-15T21:23:24.607Z] Information: Normalizing '_blazor' to 'https://r2.jjagd.net/_blazor'. @ https://r2.jjagd.net/_framework/blazor.web.qcnkhbt5lj.js:0
[25619045ms] [ERROR] Failed to load resource: net::ERR_SSL_UNRECOGNIZED_NAME_ALERT @ https://r2.jjagd.net/_blazor/negotiate?negotiateVersion=1:0
[25619045ms] [WARNING] [2026-04-15T21:23:24.958Z] Warning: Error from HTTP request. TypeError: Failed to fetch. @ https://r2.jjagd.net/_framework/blazor.web.qcnkhbt5lj.js:0
[25619045ms] [ERROR] [2026-04-15T21:23:24.958Z] Error: Failed to complete negotiation with the server: TypeError: Failed to fetch @ https://r2.jjagd.net/_framework/blazor.web.qcnkhbt5lj.js:0
[25619045ms] [ERROR] [2026-04-15T21:23:24.958Z] Error: Failed to start the connection: Error: Failed to complete negotiation with the server: TypeError: Failed to fetch @ https://r2.jjagd.net/_framework/blazor.web.qcnkhbt5lj.js:0
[25619045ms] [ERROR] [2026-04-15T21:23:24.958Z] Error: Error: Failed to complete negotiation with the server: TypeError: Failed to fetch @ https://r2.jjagd.net/_framework/blazor.web.qcnkhbt5lj.js:0
[25619045ms] [ERROR] [2026-04-15T21:23:24.958Z] Error: Error: Failed to complete negotiation with the server: TypeError: Failed to fetch @ https://r2.jjagd.net/_framework/blazor.web.qcnkhbt5lj.js:0
[25624048ms] [INFO] [2026-04-15T21:23:29.961Z] Information: Normalizing '_blazor' to 'https://r2.jjagd.net/_blazor'. @ https://r2.jjagd.net/_framework/blazor.web.qcnkhbt5lj.js:0
[25624391ms] [ERROR] Failed to load resource: net::ERR_SSL_UNRECOGNIZED_NAME_ALERT @ https://r2.jjagd.net/_blazor/negotiate?negotiateVersion=1:0
[25624391ms] [WARNING] [2026-04-15T21:23:30.305Z] Warning: Error from HTTP request. TypeError: Failed to fetch. @ https://r2.jjagd.net/_framework/blazor.web.qcnkhbt5lj.js:0
[25624391ms] [ERROR] [2026-04-15T21:23:30.305Z] Error: Failed to complete negotiation with the server: TypeError: Failed to fetch @ https://r2.jjagd.net/_framework/blazor.web.qcnkhbt5lj.js:0
[25624391ms] [ERROR] [2026-04-15T21:23:30.305Z] Error: Failed to start the connection: Error: Failed to complete negotiation with the server: TypeError: Failed to fetch @ https://r2.jjagd.net/_framework/blazor.web.qcnkhbt5lj.js:0
[25624391ms] [ERROR] [2026-04-15T21:23:30.305Z] Error: Error: Failed to complete negotiation with the server: TypeError: Failed to fetch @ https://r2.jjagd.net/_framework/blazor.web.qcnkhbt5lj.js:0
[25624391ms] [ERROR] [2026-04-15T21:23:30.305Z] Error: Error: Failed to complete negotiation with the server: TypeError: Failed to fetch @ https://r2.jjagd.net/_framework/blazor.web.qcnkhbt5lj.js:0
[25629394ms] [INFO] [2026-04-15T21:23:35.308Z] Information: Normalizing '_blazor' to 'https://r2.jjagd.net/_blazor'. @ https://r2.jjagd.net/_framework/blazor.web.qcnkhbt5lj.js:0
[25629732ms] [ERROR] Failed to load resource: the server responded with a status of 502 () @ https://r2.jjagd.net/_blazor/negotiate?negotiateVersion=1:0
[25629732ms] [ERROR] [2026-04-15T21:23:35.646Z] Error: Failed to complete negotiation with the server: Error: <html>
<head><title>502 Bad Gateway</title></head>
<body>
<center><h1>502 Bad Gateway</h1></center>
<hr><center>openresty</center>
</body>
</html>
<!-- a padding to disable MSIE and Chrome friendly error page -->
<!-- a padding to disable MSIE and Chrome friendly error page -->
<!-- a padding to disable MSIE and Chrome friendly error page -->
<!-- a padding to disable MSIE and Chrome friendly error page -->
<!-- a padding to disable MSIE and Chrome friendly error page -->
<!-- a padding to disable MSIE and Chrome friendly error page -->
: Status code '502' @ https://r2.jjagd.net/_framework/blazor.web.qcnkhbt5lj.js:0
[25629732ms] [ERROR] [2026-04-15T21:23:35.646Z] Error: Failed to start the connection: Error: Failed to complete negotiation with the server: Error: <html>
<head><title>502 Bad Gateway</title></head>
<body>
<center><h1>502 Bad Gateway</h1></center>
<hr><center>openresty</center>
</body>
</html>
<!-- a padding to disable MSIE and Chrome friendly error page -->
<!-- a padding to disable MSIE and Chrome friendly error page -->
<!-- a padding to disable MSIE and Chrome friendly error page -->
<!-- a padding to disable MSIE and Chrome friendly error page -->
<!-- a padding to disable MSIE and Chrome friendly error page -->
<!-- a padding to disable MSIE and Chrome friendly error page -->
: Status code '502' @ https://r2.jjagd.net/_framework/blazor.web.qcnkhbt5lj.js:0
[25629732ms] [ERROR] [2026-04-15T21:23:35.646Z] Error: Error: Failed to complete negotiation with the server: Error: <html>
<head><title>502 Bad Gateway</title></head>
<body>
<center><h1>502 Bad Gateway</h1></center>
<hr><center>openresty</center>
</body>
</html>
<!-- a padding to disable MSIE and Chrome friendly error page -->
<!-- a padding to disable MSIE and Chrome friendly error page -->
<!-- a padding to disable MSIE and Chrome friendly error page -->
<!-- a padding to disable MSIE and Chrome friendly error page -->
<!-- a padding to disable MSIE and Chrome friendly error page -->
<!-- a padding to disable MSIE and Chrome friendly error page -->
: Status code '502' @ https://r2.jjagd.net/_framework/blazor.web.qcnkhbt5lj.js:0
[25629732ms] [ERROR] [2026-04-15T21:23:35.646Z] Error: Error: Failed to complete negotiation with the server: Error: <html>
<head><title>502 Bad Gateway</title></head>
<body>
<center><h1>502 Bad Gateway</h1></center>
<hr><center>openresty</center>
</body>
</html>
<!-- a padding to disable MSIE and Chrome friendly error page -->
<!-- a padding to disable MSIE and Chrome friendly error page -->
<!-- a padding to disable MSIE and Chrome friendly error page -->
<!-- a padding to disable MSIE and Chrome friendly error page -->
<!-- a padding to disable MSIE and Chrome friendly error page -->
<!-- a padding to disable MSIE and Chrome friendly error page -->
: Status code '502' @ https://r2.jjagd.net/_framework/blazor.web.qcnkhbt5lj.js:0
[25634735ms] [INFO] [2026-04-15T21:23:40.649Z] Information: Normalizing '_blazor' to 'https://r2.jjagd.net/_blazor'. @ https://r2.jjagd.net/_framework/blazor.web.qcnkhbt5lj.js:0
[25635215ms] [INFO] [2026-04-15T21:23:41.128Z] Information: WebSocket connected to wss://r2.jjagd.net/_blazor?id=al4pVLUqJ9PVjHygBpZzhw. @ https://r2.jjagd.net/_framework/blazor.web.qcnkhbt5lj.js:0
[25635684ms] [INFO] [2026-04-15T21:23:41.598Z] Information: Normalizing '_blazor' to 'https://r2.jjagd.net/_blazor'. @ https://r2.jjagd.net/_framework/blazor.web.qcnkhbt5lj.js:0
[25636047ms] [INFO] [2026-04-15T21:23:41.960Z] Information: WebSocket connected to wss://r2.jjagd.net/_blazor?id=JGGTELk5sN4_EzI_0ESCvQ. @ https://r2.jjagd.net/_framework/blazor.web.qcnkhbt5lj.js:0
[31157315ms] [ERROR] [2026-04-15T22:55:43.226Z] Error: Connection disconnected with error 'Error: WebSocket closed with status code: 1006 (no reason given).'. @ https://r2.jjagd.net/_framework/blazor.web.qcnkhbt5lj.js:0
[31157380ms] [INFO] [2026-04-15T22:55:43.293Z] Information: Normalizing '_blazor' to 'https://r2.jjagd.net/_blazor'. @ https://r2.jjagd.net/_framework/blazor.web.qcnkhbt5lj.js:0
[31157733ms] [ERROR] Failed to load resource: the server responded with a status of 502 () @ https://r2.jjagd.net/_blazor/negotiate?negotiateVersion=1:0
[31157738ms] [ERROR] [2026-04-15T22:55:43.651Z] Error: Failed to complete negotiation with the server: Error: <html>
<head><title>502 Bad Gateway</title></head>
<body>
<center><h1>502 Bad Gateway</h1></center>
<hr><center>openresty</center>
</body>
</html>
<!-- a padding to disable MSIE and Chrome friendly error page -->
<!-- a padding to disable MSIE and Chrome friendly error page -->
<!-- a padding to disable MSIE and Chrome friendly error page -->
<!-- a padding to disable MSIE and Chrome friendly error page -->
<!-- a padding to disable MSIE and Chrome friendly error page -->
<!-- a padding to disable MSIE and Chrome friendly error page -->
: Status code '502' @ https://r2.jjagd.net/_framework/blazor.web.qcnkhbt5lj.js:0
[31157738ms] [ERROR] [2026-04-15T22:55:43.651Z] Error: Failed to start the connection: Error: Failed to complete negotiation with the server: Error: <html>
<head><title>502 Bad Gateway</title></head>
<body>
<center><h1>502 Bad Gateway</h1></center>
<hr><center>openresty</center>
</body>
</html>
<!-- a padding to disable MSIE and Chrome friendly error page -->
<!-- a padding to disable MSIE and Chrome friendly error page -->
<!-- a padding to disable MSIE and Chrome friendly error page -->
<!-- a padding to disable MSIE and Chrome friendly error page -->
<!-- a padding to disable MSIE and Chrome friendly error page -->
<!-- a padding to disable MSIE and Chrome friendly error page -->
: Status code '502' @ https://r2.jjagd.net/_framework/blazor.web.qcnkhbt5lj.js:0
[31157738ms] [ERROR] [2026-04-15T22:55:43.652Z] Error: Error: Failed to complete negotiation with the server: Error: <html>
<head><title>502 Bad Gateway</title></head>
<body>
<center><h1>502 Bad Gateway</h1></center>
<hr><center>openresty</center>
</body>
</html>
<!-- a padding to disable MSIE and Chrome friendly error page -->
<!-- a padding to disable MSIE and Chrome friendly error page -->
<!-- a padding to disable MSIE and Chrome friendly error page -->
<!-- a padding to disable MSIE and Chrome friendly error page -->
<!-- a padding to disable MSIE and Chrome friendly error page -->
<!-- a padding to disable MSIE and Chrome friendly error page -->
: Status code '502' @ https://r2.jjagd.net/_framework/blazor.web.qcnkhbt5lj.js:0
[31157738ms] [ERROR] [2026-04-15T22:55:43.652Z] Error: Error: Failed to complete negotiation with the server: Error: <html>
<head><title>502 Bad Gateway</title></head>
<body>
<center><h1>502 Bad Gateway</h1></center>
<hr><center>openresty</center>
</body>
</html>
<!-- a padding to disable MSIE and Chrome friendly error page -->
<!-- a padding to disable MSIE and Chrome friendly error page -->
<!-- a padding to disable MSIE and Chrome friendly error page -->
<!-- a padding to disable MSIE and Chrome friendly error page -->
<!-- a padding to disable MSIE and Chrome friendly error page -->
<!-- a padding to disable MSIE and Chrome friendly error page -->
: Status code '502' @ https://r2.jjagd.net/_framework/blazor.web.qcnkhbt5lj.js:0
[31157740ms] [INFO] [2026-04-15T22:55:43.653Z] Information: Normalizing '_blazor' to 'https://r2.jjagd.net/_blazor'. @ https://r2.jjagd.net/_framework/blazor.web.qcnkhbt5lj.js:0
[31157742ms] [ERROR] Failed to load resource: the server responded with a status of 502 () @ https://r2.jjagd.net/_blazor/negotiate?negotiateVersion=1:0
[31157742ms] [ERROR] [2026-04-15T22:55:43.656Z] Error: Failed to complete negotiation with the server: Error: <html>
<head><title>502 Bad Gateway</title></head>
<body>
<center><h1>502 Bad Gateway</h1></center>
<hr><center>openresty</center>
</body>
</html>
<!-- a padding to disable MSIE and Chrome friendly error page -->
<!-- a padding to disable MSIE and Chrome friendly error page -->
<!-- a padding to disable MSIE and Chrome friendly error page -->
<!-- a padding to disable MSIE and Chrome friendly error page -->
<!-- a padding to disable MSIE and Chrome friendly error page -->
<!-- a padding to disable MSIE and Chrome friendly error page -->
: Status code '502' @ https://r2.jjagd.net/_framework/blazor.web.qcnkhbt5lj.js:0
[31157742ms] [ERROR] [2026-04-15T22:55:43.656Z] Error: Failed to start the connection: Error: Failed to complete negotiation with the server: Error: <html>
<head><title>502 Bad Gateway</title></head>
<body>
<center><h1>502 Bad Gateway</h1></center>
<hr><center>openresty</center>
</body>
</html>
<!-- a padding to disable MSIE and Chrome friendly error page -->
<!-- a padding to disable MSIE and Chrome friendly error page -->
<!-- a padding to disable MSIE and Chrome friendly error page -->
<!-- a padding to disable MSIE and Chrome friendly error page -->
<!-- a padding to disable MSIE and Chrome friendly error page -->
<!-- a padding to disable MSIE and Chrome friendly error page -->
: Status code '502' @ https://r2.jjagd.net/_framework/blazor.web.qcnkhbt5lj.js:0
[31157742ms] [ERROR] [2026-04-15T22:55:43.656Z] Error: Error: Failed to complete negotiation with the server: Error: <html>
<head><title>502 Bad Gateway</title></head>
<body>
<center><h1>502 Bad Gateway</h1></center>
<hr><center>openresty</center>
</body>
</html>
<!-- a padding to disable MSIE and Chrome friendly error page -->
<!-- a padding to disable MSIE and Chrome friendly error page -->
<!-- a padding to disable MSIE and Chrome friendly error page -->
<!-- a padding to disable MSIE and Chrome friendly error page -->
<!-- a padding to disable MSIE and Chrome friendly error page -->
<!-- a padding to disable MSIE and Chrome friendly error page -->
: Status code '502' @ https://r2.jjagd.net/_framework/blazor.web.qcnkhbt5lj.js:0
[31157743ms] [ERROR] [2026-04-15T22:55:43.656Z] Error: Error: Failed to complete negotiation with the server: Error: <html>
<head><title>502 Bad Gateway</title></head>
<body>
<center><h1>502 Bad Gateway</h1></center>
<hr><center>openresty</center>
</body>
</html>
<!-- a padding to disable MSIE and Chrome friendly error page -->
<!-- a padding to disable MSIE and Chrome friendly error page -->
<!-- a padding to disable MSIE and Chrome friendly error page -->
<!-- a padding to disable MSIE and Chrome friendly error page -->
<!-- a padding to disable MSIE and Chrome friendly error page -->
<!-- a padding to disable MSIE and Chrome friendly error page -->
: Status code '502' @ https://r2.jjagd.net/_framework/blazor.web.qcnkhbt5lj.js:0
[31157743ms] [INFO] [2026-04-15T22:55:43.656Z] Information: Normalizing '_blazor' to 'https://r2.jjagd.net/_blazor'. @ https://r2.jjagd.net/_framework/blazor.web.qcnkhbt5lj.js:0
[31157744ms] [ERROR] Failed to load resource: the server responded with a status of 502 () @ https://r2.jjagd.net/_blazor/negotiate?negotiateVersion=1:0
[31157744ms] [ERROR] [2026-04-15T22:55:43.658Z] Error: Failed to complete negotiation with the server: Error: <html>
<head><title>502 Bad Gateway</title></head>
<body>
<center><h1>502 Bad Gateway</h1></center>
<hr><center>openresty</center>
</body>
</html>
<!-- a padding to disable MSIE and Chrome friendly error page -->
<!-- a padding to disable MSIE and Chrome friendly error page -->
<!-- a padding to disable MSIE and Chrome friendly error page -->
<!-- a padding to disable MSIE and Chrome friendly error page -->
<!-- a padding to disable MSIE and Chrome friendly error page -->
<!-- a padding to disable MSIE and Chrome friendly error page -->
: Status code '502' @ https://r2.jjagd.net/_framework/blazor.web.qcnkhbt5lj.js:0
[31157744ms] [ERROR] [2026-04-15T22:55:43.658Z] Error: Failed to start the connection: Error: Failed to complete negotiation with the server: Error: <html>
<head><title>502 Bad Gateway</title></head>
<body>
<center><h1>502 Bad Gateway</h1></center>
<hr><center>openresty</center>
</body>
</html>
<!-- a padding to disable MSIE and Chrome friendly error page -->
<!-- a padding to disable MSIE and Chrome friendly error page -->
<!-- a padding to disable MSIE and Chrome friendly error page -->
<!-- a padding to disable MSIE and Chrome friendly error page -->
<!-- a padding to disable MSIE and Chrome friendly error page -->
<!-- a padding to disable MSIE and Chrome friendly error page -->
: Status code '502' @ https://r2.jjagd.net/_framework/blazor.web.qcnkhbt5lj.js:0
[31157745ms] [ERROR] [2026-04-15T22:55:43.658Z] Error: Error: Failed to complete negotiation with the server: Error: <html>
<head><title>502 Bad Gateway</title></head>
<body>
<center><h1>502 Bad Gateway</h1></center>
<hr><center>openresty</center>
</body>
</html>
<!-- a padding to disable MSIE and Chrome friendly error page -->
<!-- a padding to disable MSIE and Chrome friendly error page -->
<!-- a padding to disable MSIE and Chrome friendly error page -->
<!-- a padding to disable MSIE and Chrome friendly error page -->
<!-- a padding to disable MSIE and Chrome friendly error page -->
<!-- a padding to disable MSIE and Chrome friendly error page -->
: Status code '502' @ https://r2.jjagd.net/_framework/blazor.web.qcnkhbt5lj.js:0
[31157745ms] [ERROR] [2026-04-15T22:55:43.658Z] Error: Error: Failed to complete negotiation with the server: Error: <html>
<head><title>502 Bad Gateway</title></head>
<body>
<center><h1>502 Bad Gateway</h1></center>
<hr><center>openresty</center>
</body>
</html>
<!-- a padding to disable MSIE and Chrome friendly error page -->
<!-- a padding to disable MSIE and Chrome friendly error page -->
<!-- a padding to disable MSIE and Chrome friendly error page -->
<!-- a padding to disable MSIE and Chrome friendly error page -->
<!-- a padding to disable MSIE and Chrome friendly error page -->
<!-- a padding to disable MSIE and Chrome friendly error page -->
: Status code '502' @ https://r2.jjagd.net/_framework/blazor.web.qcnkhbt5lj.js:0
[31157745ms] [INFO] [2026-04-15T22:55:43.658Z] Information: Normalizing '_blazor' to 'https://r2.jjagd.net/_blazor'. @ https://r2.jjagd.net/_framework/blazor.web.qcnkhbt5lj.js:0
[31157746ms] [ERROR] Failed to load resource: the server responded with a status of 502 () @ https://r2.jjagd.net/_blazor/negotiate?negotiateVersion=1:0
[31157746ms] [ERROR] [2026-04-15T22:55:43.660Z] Error: Failed to complete negotiation with the server: Error: <html>
<head><title>502 Bad Gateway</title></head>
<body>
<center><h1>502 Bad Gateway</h1></center>
<hr><center>openresty</center>
</body>
</html>
<!-- a padding to disable MSIE and Chrome friendly error page -->
<!-- a padding to disable MSIE and Chrome friendly error page -->
<!-- a padding to disable MSIE and Chrome friendly error page -->
<!-- a padding to disable MSIE and Chrome friendly error page -->
<!-- a padding to disable MSIE and Chrome friendly error page -->
<!-- a padding to disable MSIE and Chrome friendly error page -->
: Status code '502' @ https://r2.jjagd.net/_framework/blazor.web.qcnkhbt5lj.js:0
[31157746ms] [ERROR] [2026-04-15T22:55:43.660Z] Error: Failed to start the connection: Error: Failed to complete negotiation with the server: Error: <html>
<head><title>502 Bad Gateway</title></head>
<body>
<center><h1>502 Bad Gateway</h1></center>
<hr><center>openresty</center>
</body>
</html>
<!-- a padding to disable MSIE and Chrome friendly error page -->
<!-- a padding to disable MSIE and Chrome friendly error page -->
<!-- a padding to disable MSIE and Chrome friendly error page -->
<!-- a padding to disable MSIE and Chrome friendly error page -->
<!-- a padding to disable MSIE and Chrome friendly error page -->
<!-- a padding to disable MSIE and Chrome friendly error page -->
: Status code '502' @ https://r2.jjagd.net/_framework/blazor.web.qcnkhbt5lj.js:0
[31157746ms] [ERROR] [2026-04-15T22:55:43.660Z] Error: Error: Failed to complete negotiation with the server: Error: <html>
<head><title>502 Bad Gateway</title></head>
<body>
<center><h1>502 Bad Gateway</h1></center>
<hr><center>openresty</center>
</body>
</html>
<!-- a padding to disable MSIE and Chrome friendly error page -->
<!-- a padding to disable MSIE and Chrome friendly error page -->
<!-- a padding to disable MSIE and Chrome friendly error page -->
<!-- a padding to disable MSIE and Chrome friendly error page -->
<!-- a padding to disable MSIE and Chrome friendly error page -->
<!-- a padding to disable MSIE and Chrome friendly error page -->
: Status code '502' @ https://r2.jjagd.net/_framework/blazor.web.qcnkhbt5lj.js:0
[31157746ms] [ERROR] [2026-04-15T22:55:43.660Z] Error: Error: Failed to complete negotiation with the server: Error: <html>
<head><title>502 Bad Gateway</title></head>
<body>
<center><h1>502 Bad Gateway</h1></center>
<hr><center>openresty</center>
</body>
</html>
<!-- a padding to disable MSIE and Chrome friendly error page -->
<!-- a padding to disable MSIE and Chrome friendly error page -->
<!-- a padding to disable MSIE and Chrome friendly error page -->
<!-- a padding to disable MSIE and Chrome friendly error page -->
<!-- a padding to disable MSIE and Chrome friendly error page -->
<!-- a padding to disable MSIE and Chrome friendly error page -->
: Status code '502' @ https://r2.jjagd.net/_framework/blazor.web.qcnkhbt5lj.js:0
[31157746ms] [INFO] [2026-04-15T22:55:43.660Z] Information: Normalizing '_blazor' to 'https://r2.jjagd.net/_blazor'. @ https://r2.jjagd.net/_framework/blazor.web.qcnkhbt5lj.js:0
[31157748ms] [ERROR] Failed to load resource: the server responded with a status of 502 () @ https://r2.jjagd.net/_blazor/negotiate?negotiateVersion=1:0
[31157748ms] [ERROR] [2026-04-15T22:55:43.662Z] Error: Failed to complete negotiation with the server: Error: <html>
<head><title>502 Bad Gateway</title></head>
<body>
<center><h1>502 Bad Gateway</h1></center>
<hr><center>openresty</center>
</body>
</html>
<!-- a padding to disable MSIE and Chrome friendly error page -->
<!-- a padding to disable MSIE and Chrome friendly error page -->
<!-- a padding to disable MSIE and Chrome friendly error page -->
<!-- a padding to disable MSIE and Chrome friendly error page -->
<!-- a padding to disable MSIE and Chrome friendly error page -->
<!-- a padding to disable MSIE and Chrome friendly error page -->
: Status code '502' @ https://r2.jjagd.net/_framework/blazor.web.qcnkhbt5lj.js:0
[31157748ms] [ERROR] [2026-04-15T22:55:43.662Z] Error: Failed to start the connection: Error: Failed to complete negotiation with the server: Error: <html>
<head><title>502 Bad Gateway</title></head>
<body>
<center><h1>502 Bad Gateway</h1></center>
<hr><center>openresty</center>
</body>
</html>
<!-- a padding to disable MSIE and Chrome friendly error page -->
<!-- a padding to disable MSIE and Chrome friendly error page -->
<!-- a padding to disable MSIE and Chrome friendly error page -->
<!-- a padding to disable MSIE and Chrome friendly error page -->
<!-- a padding to disable MSIE and Chrome friendly error page -->
<!-- a padding to disable MSIE and Chrome friendly error page -->
: Status code '502' @ https://r2.jjagd.net/_framework/blazor.web.qcnkhbt5lj.js:0
[31157749ms] [ERROR] [2026-04-15T22:55:43.662Z] Error: Error: Failed to complete negotiation with the server: Error: <html>
<head><title>502 Bad Gateway</title></head>
<body>
<center><h1>502 Bad Gateway</h1></center>
<hr><center>openresty</center>
</body>
</html>
<!-- a padding to disable MSIE and Chrome friendly error page -->
<!-- a padding to disable MSIE and Chrome friendly error page -->
<!-- a padding to disable MSIE and Chrome friendly error page -->
<!-- a padding to disable MSIE and Chrome friendly error page -->
<!-- a padding to disable MSIE and Chrome friendly error page -->
<!-- a padding to disable MSIE and Chrome friendly error page -->
: Status code '502' @ https://r2.jjagd.net/_framework/blazor.web.qcnkhbt5lj.js:0
[31157749ms] [ERROR] [2026-04-15T22:55:43.662Z] Error: Error: Failed to complete negotiation with the server: Error: <html>
<head><title>502 Bad Gateway</title></head>
<body>
<center><h1>502 Bad Gateway</h1></center>
<hr><center>openresty</center>
</body>
</html>
<!-- a padding to disable MSIE and Chrome friendly error page -->
<!-- a padding to disable MSIE and Chrome friendly error page -->
<!-- a padding to disable MSIE and Chrome friendly error page -->
<!-- a padding to disable MSIE and Chrome friendly error page -->
<!-- a padding to disable MSIE and Chrome friendly error page -->
<!-- a padding to disable MSIE and Chrome friendly error page -->
: Status code '502' @ https://r2.jjagd.net/_framework/blazor.web.qcnkhbt5lj.js:0
[31157749ms] [INFO] [2026-04-15T22:55:43.662Z] Information: Normalizing '_blazor' to 'https://r2.jjagd.net/_blazor'. @ https://r2.jjagd.net/_framework/blazor.web.qcnkhbt5lj.js:0
[31157753ms] [ERROR] Failed to load resource: the server responded with a status of 502 () @ https://r2.jjagd.net/_blazor/negotiate?negotiateVersion=1:0
[31157753ms] [ERROR] [2026-04-15T22:55:43.667Z] Error: Failed to complete negotiation with the server: Error: <html>
<head><title>502 Bad Gateway</title></head>
<body>
<center><h1>502 Bad Gateway</h1></center>
<hr><center>openresty</center>
</body>
</html>
<!-- a padding to disable MSIE and Chrome friendly error page -->
<!-- a padding to disable MSIE and Chrome friendly error page -->
<!-- a padding to disable MSIE and Chrome friendly error page -->
<!-- a padding to disable MSIE and Chrome friendly error page -->
<!-- a padding to disable MSIE and Chrome friendly error page -->
<!-- a padding to disable MSIE and Chrome friendly error page -->
: Status code '502' @ https://r2.jjagd.net/_framework/blazor.web.qcnkhbt5lj.js:0
[31157753ms] [ERROR] [2026-04-15T22:55:43.667Z] Error: Failed to start the connection: Error: Failed to complete negotiation with the server: Error: <html>
<head><title>502 Bad Gateway</title></head>
<body>
<center><h1>502 Bad Gateway</h1></center>
<hr><center>openresty</center>
</body>
</html>
<!-- a padding to disable MSIE and Chrome friendly error page -->
<!-- a padding to disable MSIE and Chrome friendly error page -->
<!-- a padding to disable MSIE and Chrome friendly error page -->
<!-- a padding to disable MSIE and Chrome friendly error page -->
<!-- a padding to disable MSIE and Chrome friendly error page -->
<!-- a padding to disable MSIE and Chrome friendly error page -->
: Status code '502' @ https://r2.jjagd.net/_framework/blazor.web.qcnkhbt5lj.js:0
[31157753ms] [ERROR] [2026-04-15T22:55:43.667Z] Error: Error: Failed to complete negotiation with the server: Error: <html>
<head><title>502 Bad Gateway</title></head>
<body>
<center><h1>502 Bad Gateway</h1></center>
<hr><center>openresty</center>
</body>
</html>
<!-- a padding to disable MSIE and Chrome friendly error page -->
<!-- a padding to disable MSIE and Chrome friendly error page -->
<!-- a padding to disable MSIE and Chrome friendly error page -->
<!-- a padding to disable MSIE and Chrome friendly error page -->
<!-- a padding to disable MSIE and Chrome friendly error page -->
<!-- a padding to disable MSIE and Chrome friendly error page -->
: Status code '502' @ https://r2.jjagd.net/_framework/blazor.web.qcnkhbt5lj.js:0
[31157753ms] [ERROR] [2026-04-15T22:55:43.667Z] Error: Error: Failed to complete negotiation with the server: Error: <html>
<head><title>502 Bad Gateway</title></head>
<body>
<center><h1>502 Bad Gateway</h1></center>
<hr><center>openresty</center>
</body>
</html>
<!-- a padding to disable MSIE and Chrome friendly error page -->
<!-- a padding to disable MSIE and Chrome friendly error page -->
<!-- a padding to disable MSIE and Chrome friendly error page -->
<!-- a padding to disable MSIE and Chrome friendly error page -->
<!-- a padding to disable MSIE and Chrome friendly error page -->
<!-- a padding to disable MSIE and Chrome friendly error page -->
: Status code '502' @ https://r2.jjagd.net/_framework/blazor.web.qcnkhbt5lj.js:0
[31157753ms] [INFO] [2026-04-15T22:55:43.667Z] Information: Normalizing '_blazor' to 'https://r2.jjagd.net/_blazor'. @ https://r2.jjagd.net/_framework/blazor.web.qcnkhbt5lj.js:0
[31157755ms] [ERROR] Failed to load resource: the server responded with a status of 502 () @ https://r2.jjagd.net/_blazor/negotiate?negotiateVersion=1:0
[31157756ms] [ERROR] [2026-04-15T22:55:43.669Z] Error: Failed to complete negotiation with the server: Error: <html>
<head><title>502 Bad Gateway</title></head>
<body>
<center><h1>502 Bad Gateway</h1></center>
<hr><center>openresty</center>
</body>
</html>
<!-- a padding to disable MSIE and Chrome friendly error page -->
<!-- a padding to disable MSIE and Chrome friendly error page -->
<!-- a padding to disable MSIE and Chrome friendly error page -->
<!-- a padding to disable MSIE and Chrome friendly error page -->
<!-- a padding to disable MSIE and Chrome friendly error page -->
<!-- a padding to disable MSIE and Chrome friendly error page -->
: Status code '502' @ https://r2.jjagd.net/_framework/blazor.web.qcnkhbt5lj.js:0
[31157756ms] [ERROR] [2026-04-15T22:55:43.669Z] Error: Failed to start the connection: Error: Failed to complete negotiation with the server: Error: <html>
<head><title>502 Bad Gateway</title></head>
<body>
<center><h1>502 Bad Gateway</h1></center>
<hr><center>openresty</center>
</body>
</html>
<!-- a padding to disable MSIE and Chrome friendly error page -->
<!-- a padding to disable MSIE and Chrome friendly error page -->
<!-- a padding to disable MSIE and Chrome friendly error page -->
<!-- a padding to disable MSIE and Chrome friendly error page -->
<!-- a padding to disable MSIE and Chrome friendly error page -->
<!-- a padding to disable MSIE and Chrome friendly error page -->
: Status code '502' @ https://r2.jjagd.net/_framework/blazor.web.qcnkhbt5lj.js:0
[31157756ms] [ERROR] [2026-04-15T22:55:43.669Z] Error: Error: Failed to complete negotiation with the server: Error: <html>
<head><title>502 Bad Gateway</title></head>
<body>
<center><h1>502 Bad Gateway</h1></center>
<hr><center>openresty</center>
</body>
</html>
<!-- a padding to disable MSIE and Chrome friendly error page -->
<!-- a padding to disable MSIE and Chrome friendly error page -->
<!-- a padding to disable MSIE and Chrome friendly error page -->
<!-- a padding to disable MSIE and Chrome friendly error page -->
<!-- a padding to disable MSIE and Chrome friendly error page -->
<!-- a padding to disable MSIE and Chrome friendly error page -->
: Status code '502' @ https://r2.jjagd.net/_framework/blazor.web.qcnkhbt5lj.js:0
[31157756ms] [ERROR] [2026-04-15T22:55:43.669Z] Error: Error: Failed to complete negotiation with the server: Error: <html>
<head><title>502 Bad Gateway</title></head>
<body>
<center><h1>502 Bad Gateway</h1></center>
<hr><center>openresty</center>
</body>
</html>
<!-- a padding to disable MSIE and Chrome friendly error page -->
<!-- a padding to disable MSIE and Chrome friendly error page -->
<!-- a padding to disable MSIE and Chrome friendly error page -->
<!-- a padding to disable MSIE and Chrome friendly error page -->
<!-- a padding to disable MSIE and Chrome friendly error page -->
<!-- a padding to disable MSIE and Chrome friendly error page -->
: Status code '502' @ https://r2.jjagd.net/_framework/blazor.web.qcnkhbt5lj.js:0
[31157756ms] [INFO] [2026-04-15T22:55:43.669Z] Information: Normalizing '_blazor' to 'https://r2.jjagd.net/_blazor'. @ https://r2.jjagd.net/_framework/blazor.web.qcnkhbt5lj.js:0
[31157758ms] [ERROR] Failed to load resource: the server responded with a status of 502 () @ https://r2.jjagd.net/_blazor/negotiate?negotiateVersion=1:0
[31157758ms] [ERROR] [2026-04-15T22:55:43.671Z] Error: Failed to complete negotiation with the server: Error: <html>
<head><title>502 Bad Gateway</title></head>
<body>
<center><h1>502 Bad Gateway</h1></center>
<hr><center>openresty</center>
</body>
</html>
<!-- a padding to disable MSIE and Chrome friendly error page -->
<!-- a padding to disable MSIE and Chrome friendly error page -->
<!-- a padding to disable MSIE and Chrome friendly error page -->
<!-- a padding to disable MSIE and Chrome friendly error page -->
<!-- a padding to disable MSIE and Chrome friendly error page -->
<!-- a padding to disable MSIE and Chrome friendly error page -->
: Status code '502' @ https://r2.jjagd.net/_framework/blazor.web.qcnkhbt5lj.js:0
[31157758ms] [ERROR] [2026-04-15T22:55:43.671Z] Error: Failed to start the connection: Error: Failed to complete negotiation with the server: Error: <html>
<head><title>502 Bad Gateway</title></head>
<body>
<center><h1>502 Bad Gateway</h1></center>
<hr><center>openresty</center>
</body>
</html>
<!-- a padding to disable MSIE and Chrome friendly error page -->
<!-- a padding to disable MSIE and Chrome friendly error page -->
<!-- a padding to disable MSIE and Chrome friendly error page -->
<!-- a padding to disable MSIE and Chrome friendly error page -->
<!-- a padding to disable MSIE and Chrome friendly error page -->
<!-- a padding to disable MSIE and Chrome friendly error page -->
: Status code '502' @ https://r2.jjagd.net/_framework/blazor.web.qcnkhbt5lj.js:0
[31157758ms] [ERROR] [2026-04-15T22:55:43.671Z] Error: Error: Failed to complete negotiation with the server: Error: <html>
<head><title>502 Bad Gateway</title></head>
<body>
<center><h1>502 Bad Gateway</h1></center>
<hr><center>openresty</center>
</body>
</html>
<!-- a padding to disable MSIE and Chrome friendly error page -->
<!-- a padding to disable MSIE and Chrome friendly error page -->
<!-- a padding to disable MSIE and Chrome friendly error page -->
<!-- a padding to disable MSIE and Chrome friendly error page -->
<!-- a padding to disable MSIE and Chrome friendly error page -->
<!-- a padding to disable MSIE and Chrome friendly error page -->
: Status code '502' @ https://r2.jjagd.net/_framework/blazor.web.qcnkhbt5lj.js:0
[31157758ms] [ERROR] [2026-04-15T22:55:43.671Z] Error: Error: Failed to complete negotiation with the server: Error: <html>
<head><title>502 Bad Gateway</title></head>
<body>
<center><h1>502 Bad Gateway</h1></center>
<hr><center>openresty</center>
</body>
</html>
<!-- a padding to disable MSIE and Chrome friendly error page -->
<!-- a padding to disable MSIE and Chrome friendly error page -->
<!-- a padding to disable MSIE and Chrome friendly error page -->
<!-- a padding to disable MSIE and Chrome friendly error page -->
<!-- a padding to disable MSIE and Chrome friendly error page -->
<!-- a padding to disable MSIE and Chrome friendly error page -->
: Status code '502' @ https://r2.jjagd.net/_framework/blazor.web.qcnkhbt5lj.js:0
[31157758ms] [INFO] [2026-04-15T22:55:43.671Z] Information: Normalizing '_blazor' to 'https://r2.jjagd.net/_blazor'. @ https://r2.jjagd.net/_framework/blazor.web.qcnkhbt5lj.js:0
[31157760ms] [ERROR] Failed to load resource: the server responded with a status of 502 () @ https://r2.jjagd.net/_blazor/negotiate?negotiateVersion=1:0
[31157760ms] [ERROR] [2026-04-15T22:55:43.674Z] Error: Failed to complete negotiation with the server: Error: <html>
<head><title>502 Bad Gateway</title></head>
<body>
<center><h1>502 Bad Gateway</h1></center>
<hr><center>openresty</center>
</body>
</html>
<!-- a padding to disable MSIE and Chrome friendly error page -->
<!-- a padding to disable MSIE and Chrome friendly error page -->
<!-- a padding to disable MSIE and Chrome friendly error page -->
<!-- a padding to disable MSIE and Chrome friendly error page -->
<!-- a padding to disable MSIE and Chrome friendly error page -->
<!-- a padding to disable MSIE and Chrome friendly error page -->
: Status code '502' @ https://r2.jjagd.net/_framework/blazor.web.qcnkhbt5lj.js:0
[31157760ms] [ERROR] [2026-04-15T22:55:43.674Z] Error: Failed to start the connection: Error: Failed to complete negotiation with the server: Error: <html>
<head><title>502 Bad Gateway</title></head>
<body>
<center><h1>502 Bad Gateway</h1></center>
<hr><center>openresty</center>
</body>
</html>
<!-- a padding to disable MSIE and Chrome friendly error page -->
<!-- a padding to disable MSIE and Chrome friendly error page -->
<!-- a padding to disable MSIE and Chrome friendly error page -->
<!-- a padding to disable MSIE and Chrome friendly error page -->
<!-- a padding to disable MSIE and Chrome friendly error page -->
<!-- a padding to disable MSIE and Chrome friendly error page -->
: Status code '502' @ https://r2.jjagd.net/_framework/blazor.web.qcnkhbt5lj.js:0
[31157760ms] [ERROR] [2026-04-15T22:55:43.674Z] Error: Error: Failed to complete negotiation with the server: Error: <html>
<head><title>502 Bad Gateway</title></head>
<body>
<center><h1>502 Bad Gateway</h1></center>
<hr><center>openresty</center>
</body>
</html>
<!-- a padding to disable MSIE and Chrome friendly error page -->
<!-- a padding to disable MSIE and Chrome friendly error page -->
<!-- a padding to disable MSIE and Chrome friendly error page -->
<!-- a padding to disable MSIE and Chrome friendly error page -->
<!-- a padding to disable MSIE and Chrome friendly error page -->
<!-- a padding to disable MSIE and Chrome friendly error page -->
: Status code '502' @ https://r2.jjagd.net/_framework/blazor.web.qcnkhbt5lj.js:0
[31157760ms] [ERROR] [2026-04-15T22:55:43.674Z] Error: Error: Failed to complete negotiation with the server: Error: <html>
<head><title>502 Bad Gateway</title></head>
<body>
<center><h1>502 Bad Gateway</h1></center>
<hr><center>openresty</center>
</body>
</html>
<!-- a padding to disable MSIE and Chrome friendly error page -->
<!-- a padding to disable MSIE and Chrome friendly error page -->
<!-- a padding to disable MSIE and Chrome friendly error page -->
<!-- a padding to disable MSIE and Chrome friendly error page -->
<!-- a padding to disable MSIE and Chrome friendly error page -->
<!-- a padding to disable MSIE and Chrome friendly error page -->
: Status code '502' @ https://r2.jjagd.net/_framework/blazor.web.qcnkhbt5lj.js:0
[31157761ms] [INFO] [2026-04-15T22:55:43.674Z] Information: Normalizing '_blazor' to 'https://r2.jjagd.net/_blazor'. @ https://r2.jjagd.net/_framework/blazor.web.qcnkhbt5lj.js:0
[31157762ms] [ERROR] Failed to load resource: the server responded with a status of 502 () @ https://r2.jjagd.net/_blazor/negotiate?negotiateVersion=1:0
[31157762ms] [ERROR] [2026-04-15T22:55:43.676Z] Error: Failed to complete negotiation with the server: Error: <html>
<head><title>502 Bad Gateway</title></head>
<body>
<center><h1>502 Bad Gateway</h1></center>
<hr><center>openresty</center>
</body>
</html>
<!-- a padding to disable MSIE and Chrome friendly error page -->
<!-- a padding to disable MSIE and Chrome friendly error page -->
<!-- a padding to disable MSIE and Chrome friendly error page -->
<!-- a padding to disable MSIE and Chrome friendly error page -->
<!-- a padding to disable MSIE and Chrome friendly error page -->
<!-- a padding to disable MSIE and Chrome friendly error page -->
: Status code '502' @ https://r2.jjagd.net/_framework/blazor.web.qcnkhbt5lj.js:0
[31157762ms] [ERROR] [2026-04-15T22:55:43.676Z] Error: Failed to start the connection: Error: Failed to complete negotiation with the server: Error: <html>
<head><title>502 Bad Gateway</title></head>
<body>
<center><h1>502 Bad Gateway</h1></center>
<hr><center>openresty</center>
</body>
</html>
<!-- a padding to disable MSIE and Chrome friendly error page -->
<!-- a padding to disable MSIE and Chrome friendly error page -->
<!-- a padding to disable MSIE and Chrome friendly error page -->
<!-- a padding to disable MSIE and Chrome friendly error page -->
<!-- a padding to disable MSIE and Chrome friendly error page -->
<!-- a padding to disable MSIE and Chrome friendly error page -->
: Status code '502' @ https://r2.jjagd.net/_framework/blazor.web.qcnkhbt5lj.js:0
[31157762ms] [ERROR] [2026-04-15T22:55:43.676Z] Error: Error: Failed to complete negotiation with the server: Error: <html>
<head><title>502 Bad Gateway</title></head>
<body>
<center><h1>502 Bad Gateway</h1></center>
<hr><center>openresty</center>
</body>
</html>
<!-- a padding to disable MSIE and Chrome friendly error page -->
<!-- a padding to disable MSIE and Chrome friendly error page -->
<!-- a padding to disable MSIE and Chrome friendly error page -->
<!-- a padding to disable MSIE and Chrome friendly error page -->
<!-- a padding to disable MSIE and Chrome friendly error page -->
<!-- a padding to disable MSIE and Chrome friendly error page -->
: Status code '502' @ https://r2.jjagd.net/_framework/blazor.web.qcnkhbt5lj.js:0
[31157762ms] [ERROR] [2026-04-15T22:55:43.676Z] Error: Error: Failed to complete negotiation with the server: Error: <html>
<head><title>502 Bad Gateway</title></head>
<body>
<center><h1>502 Bad Gateway</h1></center>
<hr><center>openresty</center>
</body>
</html>
<!-- a padding to disable MSIE and Chrome friendly error page -->
<!-- a padding to disable MSIE and Chrome friendly error page -->
<!-- a padding to disable MSIE and Chrome friendly error page -->
<!-- a padding to disable MSIE and Chrome friendly error page -->
<!-- a padding to disable MSIE and Chrome friendly error page -->
<!-- a padding to disable MSIE and Chrome friendly error page -->
: Status code '502' @ https://r2.jjagd.net/_framework/blazor.web.qcnkhbt5lj.js:0
[31162765ms] [INFO] [2026-04-15T22:55:48.679Z] Information: Normalizing '_blazor' to 'https://r2.jjagd.net/_blazor'. @ https://r2.jjagd.net/_framework/blazor.web.qcnkhbt5lj.js:0
[31162768ms] [ERROR] Failed to load resource: the server responded with a status of 502 () @ https://r2.jjagd.net/_blazor/negotiate?negotiateVersion=1:0
[31162768ms] [ERROR] [2026-04-15T22:55:48.681Z] Error: Failed to complete negotiation with the server: Error: <html>
<head><title>502 Bad Gateway</title></head>
<body>
<center><h1>502 Bad Gateway</h1></center>
<hr><center>openresty</center>
</body>
</html>
<!-- a padding to disable MSIE and Chrome friendly error page -->
<!-- a padding to disable MSIE and Chrome friendly error page -->
<!-- a padding to disable MSIE and Chrome friendly error page -->
<!-- a padding to disable MSIE and Chrome friendly error page -->
<!-- a padding to disable MSIE and Chrome friendly error page -->
<!-- a padding to disable MSIE and Chrome friendly error page -->
: Status code '502' @ https://r2.jjagd.net/_framework/blazor.web.qcnkhbt5lj.js:0
[31162768ms] [ERROR] [2026-04-15T22:55:48.681Z] Error: Failed to start the connection: Error: Failed to complete negotiation with the server: Error: <html>
<head><title>502 Bad Gateway</title></head>
<body>
<center><h1>502 Bad Gateway</h1></center>
<hr><center>openresty</center>
</body>
</html>
<!-- a padding to disable MSIE and Chrome friendly error page -->
<!-- a padding to disable MSIE and Chrome friendly error page -->
<!-- a padding to disable MSIE and Chrome friendly error page -->
<!-- a padding to disable MSIE and Chrome friendly error page -->
<!-- a padding to disable MSIE and Chrome friendly error page -->
<!-- a padding to disable MSIE and Chrome friendly error page -->
: Status code '502' @ https://r2.jjagd.net/_framework/blazor.web.qcnkhbt5lj.js:0
[31162768ms] [ERROR] [2026-04-15T22:55:48.682Z] Error: Error: Failed to complete negotiation with the server: Error: <html>
<head><title>502 Bad Gateway</title></head>
<body>
<center><h1>502 Bad Gateway</h1></center>
<hr><center>openresty</center>
</body>
</html>
<!-- a padding to disable MSIE and Chrome friendly error page -->
<!-- a padding to disable MSIE and Chrome friendly error page -->
<!-- a padding to disable MSIE and Chrome friendly error page -->
<!-- a padding to disable MSIE and Chrome friendly error page -->
<!-- a padding to disable MSIE and Chrome friendly error page -->
<!-- a padding to disable MSIE and Chrome friendly error page -->
: Status code '502' @ https://r2.jjagd.net/_framework/blazor.web.qcnkhbt5lj.js:0
[31162768ms] [ERROR] [2026-04-15T22:55:48.682Z] Error: Error: Failed to complete negotiation with the server: Error: <html>
<head><title>502 Bad Gateway</title></head>
<body>
<center><h1>502 Bad Gateway</h1></center>
<hr><center>openresty</center>
</body>
</html>
<!-- a padding to disable MSIE and Chrome friendly error page -->
<!-- a padding to disable MSIE and Chrome friendly error page -->
<!-- a padding to disable MSIE and Chrome friendly error page -->
<!-- a padding to disable MSIE and Chrome friendly error page -->
<!-- a padding to disable MSIE and Chrome friendly error page -->
<!-- a padding to disable MSIE and Chrome friendly error page -->
: Status code '502' @ https://r2.jjagd.net/_framework/blazor.web.qcnkhbt5lj.js:0
[31167770ms] [INFO] [2026-04-15T22:55:53.684Z] Information: Normalizing '_blazor' to 'https://r2.jjagd.net/_blazor'. @ https://r2.jjagd.net/_framework/blazor.web.qcnkhbt5lj.js:0
[31167772ms] [ERROR] Failed to load resource: the server responded with a status of 502 () @ https://r2.jjagd.net/_blazor/negotiate?negotiateVersion=1:0
[31167773ms] [ERROR] [2026-04-15T22:55:53.686Z] Error: Failed to complete negotiation with the server: Error: <html>
<head><title>502 Bad Gateway</title></head>
<body>
<center><h1>502 Bad Gateway</h1></center>
<hr><center>openresty</center>
</body>
</html>
<!-- a padding to disable MSIE and Chrome friendly error page -->
<!-- a padding to disable MSIE and Chrome friendly error page -->
<!-- a padding to disable MSIE and Chrome friendly error page -->
<!-- a padding to disable MSIE and Chrome friendly error page -->
<!-- a padding to disable MSIE and Chrome friendly error page -->
<!-- a padding to disable MSIE and Chrome friendly error page -->
: Status code '502' @ https://r2.jjagd.net/_framework/blazor.web.qcnkhbt5lj.js:0
[31167773ms] [ERROR] [2026-04-15T22:55:53.686Z] Error: Failed to start the connection: Error: Failed to complete negotiation with the server: Error: <html>
<head><title>502 Bad Gateway</title></head>
<body>
<center><h1>502 Bad Gateway</h1></center>
<hr><center>openresty</center>
</body>
</html>
<!-- a padding to disable MSIE and Chrome friendly error page -->
<!-- a padding to disable MSIE and Chrome friendly error page -->
<!-- a padding to disable MSIE and Chrome friendly error page -->
<!-- a padding to disable MSIE and Chrome friendly error page -->
<!-- a padding to disable MSIE and Chrome friendly error page -->
<!-- a padding to disable MSIE and Chrome friendly error page -->
: Status code '502' @ https://r2.jjagd.net/_framework/blazor.web.qcnkhbt5lj.js:0
[31167773ms] [ERROR] [2026-04-15T22:55:53.686Z] Error: Error: Failed to complete negotiation with the server: Error: <html>
<head><title>502 Bad Gateway</title></head>
<body>
<center><h1>502 Bad Gateway</h1></center>
<hr><center>openresty</center>
</body>
</html>
<!-- a padding to disable MSIE and Chrome friendly error page -->
<!-- a padding to disable MSIE and Chrome friendly error page -->
<!-- a padding to disable MSIE and Chrome friendly error page -->
<!-- a padding to disable MSIE and Chrome friendly error page -->
<!-- a padding to disable MSIE and Chrome friendly error page -->
<!-- a padding to disable MSIE and Chrome friendly error page -->
: Status code '502' @ https://r2.jjagd.net/_framework/blazor.web.qcnkhbt5lj.js:0
[31167773ms] [ERROR] [2026-04-15T22:55:53.686Z] Error: Error: Failed to complete negotiation with the server: Error: <html>
<head><title>502 Bad Gateway</title></head>
<body>
<center><h1>502 Bad Gateway</h1></center>
<hr><center>openresty</center>
</body>
</html>
<!-- a padding to disable MSIE and Chrome friendly error page -->
<!-- a padding to disable MSIE and Chrome friendly error page -->
<!-- a padding to disable MSIE and Chrome friendly error page -->
<!-- a padding to disable MSIE and Chrome friendly error page -->
<!-- a padding to disable MSIE and Chrome friendly error page -->
<!-- a padding to disable MSIE and Chrome friendly error page -->
: Status code '502' @ https://r2.jjagd.net/_framework/blazor.web.qcnkhbt5lj.js:0
[31172776ms] [INFO] [2026-04-15T22:55:58.690Z] Information: Normalizing '_blazor' to 'https://r2.jjagd.net/_blazor'. @ https://r2.jjagd.net/_framework/blazor.web.qcnkhbt5lj.js:0
[31173085ms] [ERROR] Failed to load resource: net::ERR_SSL_UNRECOGNIZED_NAME_ALERT @ https://r2.jjagd.net/_blazor/negotiate?negotiateVersion=1:0
[31173085ms] [WARNING] [2026-04-15T22:55:58.999Z] Warning: Error from HTTP request. TypeError: Failed to fetch. @ https://r2.jjagd.net/_framework/blazor.web.qcnkhbt5lj.js:0
[31173086ms] [ERROR] [2026-04-15T22:55:58.999Z] Error: Failed to complete negotiation with the server: TypeError: Failed to fetch @ https://r2.jjagd.net/_framework/blazor.web.qcnkhbt5lj.js:0
[31173086ms] [ERROR] [2026-04-15T22:55:58.999Z] Error: Failed to start the connection: Error: Failed to complete negotiation with the server: TypeError: Failed to fetch @ https://r2.jjagd.net/_framework/blazor.web.qcnkhbt5lj.js:0
[31173086ms] [ERROR] [2026-04-15T22:55:58.999Z] Error: Error: Failed to complete negotiation with the server: TypeError: Failed to fetch @ https://r2.jjagd.net/_framework/blazor.web.qcnkhbt5lj.js:0
[31173086ms] [ERROR] [2026-04-15T22:55:58.999Z] Error: Error: Failed to complete negotiation with the server: TypeError: Failed to fetch @ https://r2.jjagd.net/_framework/blazor.web.qcnkhbt5lj.js:0
[31178088ms] [INFO] [2026-04-15T22:56:04.002Z] Information: Normalizing '_blazor' to 'https://r2.jjagd.net/_blazor'. @ https://r2.jjagd.net/_framework/blazor.web.qcnkhbt5lj.js:0
[31178420ms] [ERROR] Failed to load resource: net::ERR_SSL_UNRECOGNIZED_NAME_ALERT @ https://r2.jjagd.net/_blazor/negotiate?negotiateVersion=1:0
[31178420ms] [WARNING] [2026-04-15T22:56:04.334Z] Warning: Error from HTTP request. TypeError: Failed to fetch. @ https://r2.jjagd.net/_framework/blazor.web.qcnkhbt5lj.js:0
[31178420ms] [ERROR] [2026-04-15T22:56:04.334Z] Error: Failed to complete negotiation with the server: TypeError: Failed to fetch @ https://r2.jjagd.net/_framework/blazor.web.qcnkhbt5lj.js:0
[31178420ms] [ERROR] [2026-04-15T22:56:04.334Z] Error: Failed to start the connection: Error: Failed to complete negotiation with the server: TypeError: Failed to fetch @ https://r2.jjagd.net/_framework/blazor.web.qcnkhbt5lj.js:0
[31178420ms] [ERROR] [2026-04-15T22:56:04.334Z] Error: Error: Failed to complete negotiation with the server: TypeError: Failed to fetch @ https://r2.jjagd.net/_framework/blazor.web.qcnkhbt5lj.js:0
[31178420ms] [ERROR] [2026-04-15T22:56:04.334Z] Error: Error: Failed to complete negotiation with the server: TypeError: Failed to fetch @ https://r2.jjagd.net/_framework/blazor.web.qcnkhbt5lj.js:0
[31183423ms] [INFO] [2026-04-15T22:56:09.336Z] Information: Normalizing '_blazor' to 'https://r2.jjagd.net/_blazor'. @ https://r2.jjagd.net/_framework/blazor.web.qcnkhbt5lj.js:0
[31183698ms] [ERROR] Failed to load resource: net::ERR_SSL_UNRECOGNIZED_NAME_ALERT @ https://r2.jjagd.net/_blazor/negotiate?negotiateVersion=1:0
[31183698ms] [WARNING] [2026-04-15T22:56:09.611Z] Warning: Error from HTTP request. TypeError: Failed to fetch. @ https://r2.jjagd.net/_framework/blazor.web.qcnkhbt5lj.js:0
[31183698ms] [ERROR] [2026-04-15T22:56:09.611Z] Error: Failed to complete negotiation with the server: TypeError: Failed to fetch @ https://r2.jjagd.net/_framework/blazor.web.qcnkhbt5lj.js:0
[31183698ms] [ERROR] [2026-04-15T22:56:09.611Z] Error: Failed to start the connection: Error: Failed to complete negotiation with the server: TypeError: Failed to fetch @ https://r2.jjagd.net/_framework/blazor.web.qcnkhbt5lj.js:0
[31183698ms] [ERROR] [2026-04-15T22:56:09.611Z] Error: Error: Failed to complete negotiation with the server: TypeError: Failed to fetch @ https://r2.jjagd.net/_framework/blazor.web.qcnkhbt5lj.js:0
[31183698ms] [ERROR] [2026-04-15T22:56:09.611Z] Error: Error: Failed to complete negotiation with the server: TypeError: Failed to fetch @ https://r2.jjagd.net/_framework/blazor.web.qcnkhbt5lj.js:0
[31188700ms] [INFO] [2026-04-15T22:56:14.614Z] Information: Normalizing '_blazor' to 'https://r2.jjagd.net/_blazor'. @ https://r2.jjagd.net/_framework/blazor.web.qcnkhbt5lj.js:0
[31188919ms] [ERROR] Failed to load resource: the server responded with a status of 502 () @ https://r2.jjagd.net/_blazor/negotiate?negotiateVersion=1:0
[31188919ms] [ERROR] [2026-04-15T22:56:14.832Z] Error: Failed to complete negotiation with the server: Error: <html>
<head><title>502 Bad Gateway</title></head>
<body>
<center><h1>502 Bad Gateway</h1></center>
<hr><center>openresty</center>
</body>
</html>
<!-- a padding to disable MSIE and Chrome friendly error page -->
<!-- a padding to disable MSIE and Chrome friendly error page -->
<!-- a padding to disable MSIE and Chrome friendly error page -->
<!-- a padding to disable MSIE and Chrome friendly error page -->
<!-- a padding to disable MSIE and Chrome friendly error page -->
<!-- a padding to disable MSIE and Chrome friendly error page -->
: Status code '502' @ https://r2.jjagd.net/_framework/blazor.web.qcnkhbt5lj.js:0
[31188919ms] [ERROR] [2026-04-15T22:56:14.832Z] Error: Failed to start the connection: Error: Failed to complete negotiation with the server: Error: <html>
<head><title>502 Bad Gateway</title></head>
<body>
<center><h1>502 Bad Gateway</h1></center>
<hr><center>openresty</center>
</body>
</html>
<!-- a padding to disable MSIE and Chrome friendly error page -->
<!-- a padding to disable MSIE and Chrome friendly error page -->
<!-- a padding to disable MSIE and Chrome friendly error page -->
<!-- a padding to disable MSIE and Chrome friendly error page -->
<!-- a padding to disable MSIE and Chrome friendly error page -->
<!-- a padding to disable MSIE and Chrome friendly error page -->
: Status code '502' @ https://r2.jjagd.net/_framework/blazor.web.qcnkhbt5lj.js:0
[31188919ms] [ERROR] [2026-04-15T22:56:14.832Z] Error: Error: Failed to complete negotiation with the server: Error: <html>
<head><title>502 Bad Gateway</title></head>
<body>
<center><h1>502 Bad Gateway</h1></center>
<hr><center>openresty</center>
</body>
</html>
<!-- a padding to disable MSIE and Chrome friendly error page -->
<!-- a padding to disable MSIE and Chrome friendly error page -->
<!-- a padding to disable MSIE and Chrome friendly error page -->
<!-- a padding to disable MSIE and Chrome friendly error page -->
<!-- a padding to disable MSIE and Chrome friendly error page -->
<!-- a padding to disable MSIE and Chrome friendly error page -->
: Status code '502' @ https://r2.jjagd.net/_framework/blazor.web.qcnkhbt5lj.js:0
[31188919ms] [ERROR] [2026-04-15T22:56:14.832Z] Error: Error: Failed to complete negotiation with the server: Error: <html>
<head><title>502 Bad Gateway</title></head>
<body>
<center><h1>502 Bad Gateway</h1></center>
<hr><center>openresty</center>
</body>
</html>
<!-- a padding to disable MSIE and Chrome friendly error page -->
<!-- a padding to disable MSIE and Chrome friendly error page -->
<!-- a padding to disable MSIE and Chrome friendly error page -->
<!-- a padding to disable MSIE and Chrome friendly error page -->
<!-- a padding to disable MSIE and Chrome friendly error page -->
<!-- a padding to disable MSIE and Chrome friendly error page -->
: Status code '502' @ https://r2.jjagd.net/_framework/blazor.web.qcnkhbt5lj.js:0
[31193922ms] [INFO] [2026-04-15T22:56:19.835Z] Information: Normalizing '_blazor' to 'https://r2.jjagd.net/_blazor'. @ https://r2.jjagd.net/_framework/blazor.web.qcnkhbt5lj.js:0
[31193926ms] [ERROR] Failed to load resource: the server responded with a status of 502 () @ https://r2.jjagd.net/_blazor/negotiate?negotiateVersion=1:0
[31193926ms] [ERROR] [2026-04-15T22:56:19.840Z] Error: Failed to complete negotiation with the server: Error: <html>
<head><title>502 Bad Gateway</title></head>
<body>
<center><h1>502 Bad Gateway</h1></center>
<hr><center>openresty</center>
</body>
</html>
<!-- a padding to disable MSIE and Chrome friendly error page -->
<!-- a padding to disable MSIE and Chrome friendly error page -->
<!-- a padding to disable MSIE and Chrome friendly error page -->
<!-- a padding to disable MSIE and Chrome friendly error page -->
<!-- a padding to disable MSIE and Chrome friendly error page -->
<!-- a padding to disable MSIE and Chrome friendly error page -->
: Status code '502' @ https://r2.jjagd.net/_framework/blazor.web.qcnkhbt5lj.js:0
[31193927ms] [ERROR] [2026-04-15T22:56:19.840Z] Error: Failed to start the connection: Error: Failed to complete negotiation with the server: Error: <html>
<head><title>502 Bad Gateway</title></head>
<body>
<center><h1>502 Bad Gateway</h1></center>
<hr><center>openresty</center>
</body>
</html>
<!-- a padding to disable MSIE and Chrome friendly error page -->
<!-- a padding to disable MSIE and Chrome friendly error page -->
<!-- a padding to disable MSIE and Chrome friendly error page -->
<!-- a padding to disable MSIE and Chrome friendly error page -->
<!-- a padding to disable MSIE and Chrome friendly error page -->
<!-- a padding to disable MSIE and Chrome friendly error page -->
: Status code '502' @ https://r2.jjagd.net/_framework/blazor.web.qcnkhbt5lj.js:0
[31193927ms] [ERROR] [2026-04-15T22:56:19.840Z] Error: Error: Failed to complete negotiation with the server: Error: <html>
<head><title>502 Bad Gateway</title></head>
<body>
<center><h1>502 Bad Gateway</h1></center>
<hr><center>openresty</center>
</body>
</html>
<!-- a padding to disable MSIE and Chrome friendly error page -->
<!-- a padding to disable MSIE and Chrome friendly error page -->
<!-- a padding to disable MSIE and Chrome friendly error page -->
<!-- a padding to disable MSIE and Chrome friendly error page -->
<!-- a padding to disable MSIE and Chrome friendly error page -->
<!-- a padding to disable MSIE and Chrome friendly error page -->
: Status code '502' @ https://r2.jjagd.net/_framework/blazor.web.qcnkhbt5lj.js:0
[31193927ms] [ERROR] [2026-04-15T22:56:19.840Z] Error: Error: Failed to complete negotiation with the server: Error: <html>
<head><title>502 Bad Gateway</title></head>
<body>
<center><h1>502 Bad Gateway</h1></center>
<hr><center>openresty</center>
</body>
</html>
<!-- a padding to disable MSIE and Chrome friendly error page -->
<!-- a padding to disable MSIE and Chrome friendly error page -->
<!-- a padding to disable MSIE and Chrome friendly error page -->
<!-- a padding to disable MSIE and Chrome friendly error page -->
<!-- a padding to disable MSIE and Chrome friendly error page -->
<!-- a padding to disable MSIE and Chrome friendly error page -->
: Status code '502' @ https://r2.jjagd.net/_framework/blazor.web.qcnkhbt5lj.js:0
[31198930ms] [INFO] [2026-04-15T22:56:24.843Z] Information: Normalizing '_blazor' to 'https://r2.jjagd.net/_blazor'. @ https://r2.jjagd.net/_framework/blazor.web.qcnkhbt5lj.js:0
[31199241ms] [INFO] [2026-04-15T22:56:25.155Z] Information: WebSocket connected to wss://r2.jjagd.net/_blazor?id=DcOEHL2EAuZXEZsdUcOtnQ. @ https://r2.jjagd.net/_framework/blazor.web.qcnkhbt5lj.js:0
[31199500ms] [INFO] [2026-04-15T22:56:25.413Z] Information: Normalizing '_blazor' to 'https://r2.jjagd.net/_blazor'. @ https://r2.jjagd.net/_framework/blazor.web.qcnkhbt5lj.js:0
[31199804ms] [INFO] [2026-04-15T22:56:25.718Z] Information: WebSocket connected to wss://r2.jjagd.net/_blazor?id=Z7MvLz0_q7IDyFPy3DRUDw. @ https://r2.jjagd.net/_framework/blazor.web.qcnkhbt5lj.js:0
[34674797ms] [ERROR] [2026-04-15T23:54:20.709Z] Error: Connection disconnected with error 'Error: Server timeout elapsed without receiving a message from the server.'. @ https://r2.jjagd.net/_framework/blazor.web.qcnkhbt5lj.js:0
[34674817ms] [INFO] [2026-04-15T23:54:20.730Z] Information: Normalizing '_blazor' to 'https://r2.jjagd.net/_blazor'. @ https://r2.jjagd.net/_framework/blazor.web.qcnkhbt5lj.js:0
[34675725ms] [INFO] [2026-04-15T23:54:21.639Z] Information: WebSocket connected to wss://r2.jjagd.net/_blazor?id=pLSPcjZxI5f3C2H_aaKcqg. @ https://r2.jjagd.net/_framework/blazor.web.qcnkhbt5lj.js:0
[112796714ms] [ERROR] [2026-04-16T21:36:22.624Z] Error: Connection disconnected with error 'Error: WebSocket closed with status code: 1006 (no reason given).'. @ https://r2.jjagd.net/_framework/blazor.web.qcnkhbt5lj.js:0
[112796774ms] [INFO] [2026-04-16T21:36:22.687Z] Information: Normalizing '_blazor' to 'https://r2.jjagd.net/_blazor'. @ https://r2.jjagd.net/_framework/blazor.web.qcnkhbt5lj.js:0
[112797111ms] [ERROR] Failed to load resource: the server responded with a status of 502 () @ https://r2.jjagd.net/_blazor/negotiate?negotiateVersion=1:0
[112797117ms] [ERROR] [2026-04-16T21:36:23.030Z] Error: Failed to complete negotiation with the server: Error: <html>
<head><title>502 Bad Gateway</title></head>
<body>
<center><h1>502 Bad Gateway</h1></center>
<hr><center>openresty</center>
</body>
</html>
<!-- a padding to disable MSIE and Chrome friendly error page -->
<!-- a padding to disable MSIE and Chrome friendly error page -->
<!-- a padding to disable MSIE and Chrome friendly error page -->
<!-- a padding to disable MSIE and Chrome friendly error page -->
<!-- a padding to disable MSIE and Chrome friendly error page -->
<!-- a padding to disable MSIE and Chrome friendly error page -->
: Status code '502' @ https://r2.jjagd.net/_framework/blazor.web.qcnkhbt5lj.js:0
[112797117ms] [ERROR] [2026-04-16T21:36:23.031Z] Error: Failed to start the connection: Error: Failed to complete negotiation with the server: Error: <html>
<head><title>502 Bad Gateway</title></head>
<body>
<center><h1>502 Bad Gateway</h1></center>
<hr><center>openresty</center>
</body>
</html>
<!-- a padding to disable MSIE and Chrome friendly error page -->
<!-- a padding to disable MSIE and Chrome friendly error page -->
<!-- a padding to disable MSIE and Chrome friendly error page -->
<!-- a padding to disable MSIE and Chrome friendly error page -->
<!-- a padding to disable MSIE and Chrome friendly error page -->
<!-- a padding to disable MSIE and Chrome friendly error page -->
: Status code '502' @ https://r2.jjagd.net/_framework/blazor.web.qcnkhbt5lj.js:0
[112797117ms] [ERROR] [2026-04-16T21:36:23.031Z] Error: Error: Failed to complete negotiation with the server: Error: <html>
<head><title>502 Bad Gateway</title></head>
<body>
<center><h1>502 Bad Gateway</h1></center>
<hr><center>openresty</center>
</body>
</html>
<!-- a padding to disable MSIE and Chrome friendly error page -->
<!-- a padding to disable MSIE and Chrome friendly error page -->
<!-- a padding to disable MSIE and Chrome friendly error page -->
<!-- a padding to disable MSIE and Chrome friendly error page -->
<!-- a padding to disable MSIE and Chrome friendly error page -->
<!-- a padding to disable MSIE and Chrome friendly error page -->
: Status code '502' @ https://r2.jjagd.net/_framework/blazor.web.qcnkhbt5lj.js:0
[112797118ms] [ERROR] [2026-04-16T21:36:23.031Z] Error: Error: Failed to complete negotiation with the server: Error: <html>
<head><title>502 Bad Gateway</title></head>
<body>
<center><h1>502 Bad Gateway</h1></center>
<hr><center>openresty</center>
</body>
</html>
<!-- a padding to disable MSIE and Chrome friendly error page -->
<!-- a padding to disable MSIE and Chrome friendly error page -->
<!-- a padding to disable MSIE and Chrome friendly error page -->
<!-- a padding to disable MSIE and Chrome friendly error page -->
<!-- a padding to disable MSIE and Chrome friendly error page -->
<!-- a padding to disable MSIE and Chrome friendly error page -->
: Status code '502' @ https://r2.jjagd.net/_framework/blazor.web.qcnkhbt5lj.js:0
[112797118ms] [INFO] [2026-04-16T21:36:23.031Z] Information: Normalizing '_blazor' to 'https://r2.jjagd.net/_blazor'. @ https://r2.jjagd.net/_framework/blazor.web.qcnkhbt5lj.js:0
[112797122ms] [ERROR] Failed to load resource: the server responded with a status of 502 () @ https://r2.jjagd.net/_blazor/negotiate?negotiateVersion=1:0
[112797123ms] [ERROR] [2026-04-16T21:36:23.036Z] Error: Failed to complete negotiation with the server: Error: <html>
<head><title>502 Bad Gateway</title></head>
<body>
<center><h1>502 Bad Gateway</h1></center>
<hr><center>openresty</center>
</body>
</html>
<!-- a padding to disable MSIE and Chrome friendly error page -->
<!-- a padding to disable MSIE and Chrome friendly error page -->
<!-- a padding to disable MSIE and Chrome friendly error page -->
<!-- a padding to disable MSIE and Chrome friendly error page -->
<!-- a padding to disable MSIE and Chrome friendly error page -->
<!-- a padding to disable MSIE and Chrome friendly error page -->
: Status code '502' @ https://r2.jjagd.net/_framework/blazor.web.qcnkhbt5lj.js:0
[112797123ms] [ERROR] [2026-04-16T21:36:23.036Z] Error: Failed to start the connection: Error: Failed to complete negotiation with the server: Error: <html>
<head><title>502 Bad Gateway</title></head>
<body>
<center><h1>502 Bad Gateway</h1></center>
<hr><center>openresty</center>
</body>
</html>
<!-- a padding to disable MSIE and Chrome friendly error page -->
<!-- a padding to disable MSIE and Chrome friendly error page -->
<!-- a padding to disable MSIE and Chrome friendly error page -->
<!-- a padding to disable MSIE and Chrome friendly error page -->
<!-- a padding to disable MSIE and Chrome friendly error page -->
<!-- a padding to disable MSIE and Chrome friendly error page -->
: Status code '502' @ https://r2.jjagd.net/_framework/blazor.web.qcnkhbt5lj.js:0
[112797123ms] [ERROR] [2026-04-16T21:36:23.036Z] Error: Error: Failed to complete negotiation with the server: Error: <html>
<head><title>502 Bad Gateway</title></head>
<body>
<center><h1>502 Bad Gateway</h1></center>
<hr><center>openresty</center>
</body>
</html>
<!-- a padding to disable MSIE and Chrome friendly error page -->
<!-- a padding to disable MSIE and Chrome friendly error page -->
<!-- a padding to disable MSIE and Chrome friendly error page -->
<!-- a padding to disable MSIE and Chrome friendly error page -->
<!-- a padding to disable MSIE and Chrome friendly error page -->
<!-- a padding to disable MSIE and Chrome friendly error page -->
: Status code '502' @ https://r2.jjagd.net/_framework/blazor.web.qcnkhbt5lj.js:0
[112797123ms] [ERROR] [2026-04-16T21:36:23.036Z] Error: Error: Failed to complete negotiation with the server: Error: <html>
<head><title>502 Bad Gateway</title></head>
<body>
<center><h1>502 Bad Gateway</h1></center>
<hr><center>openresty</center>
</body>
</html>
<!-- a padding to disable MSIE and Chrome friendly error page -->
<!-- a padding to disable MSIE and Chrome friendly error page -->
<!-- a padding to disable MSIE and Chrome friendly error page -->
<!-- a padding to disable MSIE and Chrome friendly error page -->
<!-- a padding to disable MSIE and Chrome friendly error page -->
<!-- a padding to disable MSIE and Chrome friendly error page -->
: Status code '502' @ https://r2.jjagd.net/_framework/blazor.web.qcnkhbt5lj.js:0
[112797123ms] [INFO] [2026-04-16T21:36:23.036Z] Information: Normalizing '_blazor' to 'https://r2.jjagd.net/_blazor'. @ https://r2.jjagd.net/_framework/blazor.web.qcnkhbt5lj.js:0
[112797125ms] [ERROR] Failed to load resource: the server responded with a status of 502 () @ https://r2.jjagd.net/_blazor/negotiate?negotiateVersion=1:0
[112797126ms] [ERROR] [2026-04-16T21:36:23.039Z] Error: Failed to complete negotiation with the server: Error: <html>
<head><title>502 Bad Gateway</title></head>
<body>
<center><h1>502 Bad Gateway</h1></center>
<hr><center>openresty</center>
</body>
</html>
<!-- a padding to disable MSIE and Chrome friendly error page -->
<!-- a padding to disable MSIE and Chrome friendly error page -->
<!-- a padding to disable MSIE and Chrome friendly error page -->
<!-- a padding to disable MSIE and Chrome friendly error page -->
<!-- a padding to disable MSIE and Chrome friendly error page -->
<!-- a padding to disable MSIE and Chrome friendly error page -->
: Status code '502' @ https://r2.jjagd.net/_framework/blazor.web.qcnkhbt5lj.js:0
[112797126ms] [ERROR] [2026-04-16T21:36:23.039Z] Error: Failed to start the connection: Error: Failed to complete negotiation with the server: Error: <html>
<head><title>502 Bad Gateway</title></head>
<body>
<center><h1>502 Bad Gateway</h1></center>
<hr><center>openresty</center>
</body>
</html>
<!-- a padding to disable MSIE and Chrome friendly error page -->
<!-- a padding to disable MSIE and Chrome friendly error page -->
<!-- a padding to disable MSIE and Chrome friendly error page -->
<!-- a padding to disable MSIE and Chrome friendly error page -->
<!-- a padding to disable MSIE and Chrome friendly error page -->
<!-- a padding to disable MSIE and Chrome friendly error page -->
: Status code '502' @ https://r2.jjagd.net/_framework/blazor.web.qcnkhbt5lj.js:0
[112797126ms] [ERROR] [2026-04-16T21:36:23.039Z] Error: Error: Failed to complete negotiation with the server: Error: <html>
<head><title>502 Bad Gateway</title></head>
<body>
<center><h1>502 Bad Gateway</h1></center>
<hr><center>openresty</center>
</body>
</html>
<!-- a padding to disable MSIE and Chrome friendly error page -->
<!-- a padding to disable MSIE and Chrome friendly error page -->
<!-- a padding to disable MSIE and Chrome friendly error page -->
<!-- a padding to disable MSIE and Chrome friendly error page -->
<!-- a padding to disable MSIE and Chrome friendly error page -->
<!-- a padding to disable MSIE and Chrome friendly error page -->
: Status code '502' @ https://r2.jjagd.net/_framework/blazor.web.qcnkhbt5lj.js:0
[112797126ms] [ERROR] [2026-04-16T21:36:23.039Z] Error: Error: Failed to complete negotiation with the server: Error: <html>
<head><title>502 Bad Gateway</title></head>
<body>
<center><h1>502 Bad Gateway</h1></center>
<hr><center>openresty</center>
</body>
</html>
<!-- a padding to disable MSIE and Chrome friendly error page -->
<!-- a padding to disable MSIE and Chrome friendly error page -->
<!-- a padding to disable MSIE and Chrome friendly error page -->
<!-- a padding to disable MSIE and Chrome friendly error page -->
<!-- a padding to disable MSIE and Chrome friendly error page -->
<!-- a padding to disable MSIE and Chrome friendly error page -->
: Status code '502' @ https://r2.jjagd.net/_framework/blazor.web.qcnkhbt5lj.js:0
[112797126ms] [INFO] [2026-04-16T21:36:23.039Z] Information: Normalizing '_blazor' to 'https://r2.jjagd.net/_blazor'. @ https://r2.jjagd.net/_framework/blazor.web.qcnkhbt5lj.js:0
[112797128ms] [ERROR] Failed to load resource: the server responded with a status of 502 () @ https://r2.jjagd.net/_blazor/negotiate?negotiateVersion=1:0
[112797128ms] [ERROR] [2026-04-16T21:36:23.042Z] Error: Failed to complete negotiation with the server: Error: <html>
<head><title>502 Bad Gateway</title></head>
<body>
<center><h1>502 Bad Gateway</h1></center>
<hr><center>openresty</center>
</body>
</html>
<!-- a padding to disable MSIE and Chrome friendly error page -->
<!-- a padding to disable MSIE and Chrome friendly error page -->
<!-- a padding to disable MSIE and Chrome friendly error page -->
<!-- a padding to disable MSIE and Chrome friendly error page -->
<!-- a padding to disable MSIE and Chrome friendly error page -->
<!-- a padding to disable MSIE and Chrome friendly error page -->
: Status code '502' @ https://r2.jjagd.net/_framework/blazor.web.qcnkhbt5lj.js:0
[112797128ms] [ERROR] [2026-04-16T21:36:23.042Z] Error: Failed to start the connection: Error: Failed to complete negotiation with the server: Error: <html>
<head><title>502 Bad Gateway</title></head>
<body>
<center><h1>502 Bad Gateway</h1></center>
<hr><center>openresty</center>
</body>
</html>
<!-- a padding to disable MSIE and Chrome friendly error page -->
<!-- a padding to disable MSIE and Chrome friendly error page -->
<!-- a padding to disable MSIE and Chrome friendly error page -->
<!-- a padding to disable MSIE and Chrome friendly error page -->
<!-- a padding to disable MSIE and Chrome friendly error page -->
<!-- a padding to disable MSIE and Chrome friendly error page -->
: Status code '502' @ https://r2.jjagd.net/_framework/blazor.web.qcnkhbt5lj.js:0
[112797128ms] [ERROR] [2026-04-16T21:36:23.042Z] Error: Error: Failed to complete negotiation with the server: Error: <html>
<head><title>502 Bad Gateway</title></head>
<body>
<center><h1>502 Bad Gateway</h1></center>
<hr><center>openresty</center>
</body>
</html>
<!-- a padding to disable MSIE and Chrome friendly error page -->
<!-- a padding to disable MSIE and Chrome friendly error page -->
<!-- a padding to disable MSIE and Chrome friendly error page -->
<!-- a padding to disable MSIE and Chrome friendly error page -->
<!-- a padding to disable MSIE and Chrome friendly error page -->
<!-- a padding to disable MSIE and Chrome friendly error page -->
: Status code '502' @ https://r2.jjagd.net/_framework/blazor.web.qcnkhbt5lj.js:0
[112797128ms] [ERROR] [2026-04-16T21:36:23.042Z] Error: Error: Failed to complete negotiation with the server: Error: <html>
<head><title>502 Bad Gateway</title></head>
<body>
<center><h1>502 Bad Gateway</h1></center>
<hr><center>openresty</center>
</body>
</html>
<!-- a padding to disable MSIE and Chrome friendly error page -->
<!-- a padding to disable MSIE and Chrome friendly error page -->
<!-- a padding to disable MSIE and Chrome friendly error page -->
<!-- a padding to disable MSIE and Chrome friendly error page -->
<!-- a padding to disable MSIE and Chrome friendly error page -->
<!-- a padding to disable MSIE and Chrome friendly error page -->
: Status code '502' @ https://r2.jjagd.net/_framework/blazor.web.qcnkhbt5lj.js:0
[112797129ms] [INFO] [2026-04-16T21:36:23.042Z] Information: Normalizing '_blazor' to 'https://r2.jjagd.net/_blazor'. @ https://r2.jjagd.net/_framework/blazor.web.qcnkhbt5lj.js:0
[112797130ms] [ERROR] Failed to load resource: the server responded with a status of 502 () @ https://r2.jjagd.net/_blazor/negotiate?negotiateVersion=1:0
[112797130ms] [ERROR] [2026-04-16T21:36:23.044Z] Error: Failed to complete negotiation with the server: Error: <html>
<head><title>502 Bad Gateway</title></head>
<body>
<center><h1>502 Bad Gateway</h1></center>
<hr><center>openresty</center>
</body>
</html>
<!-- a padding to disable MSIE and Chrome friendly error page -->
<!-- a padding to disable MSIE and Chrome friendly error page -->
<!-- a padding to disable MSIE and Chrome friendly error page -->
<!-- a padding to disable MSIE and Chrome friendly error page -->
<!-- a padding to disable MSIE and Chrome friendly error page -->
<!-- a padding to disable MSIE and Chrome friendly error page -->
: Status code '502' @ https://r2.jjagd.net/_framework/blazor.web.qcnkhbt5lj.js:0
[112797130ms] [ERROR] [2026-04-16T21:36:23.044Z] Error: Failed to start the connection: Error: Failed to complete negotiation with the server: Error: <html>
<head><title>502 Bad Gateway</title></head>
<body>
<center><h1>502 Bad Gateway</h1></center>
<hr><center>openresty</center>
</body>
</html>
<!-- a padding to disable MSIE and Chrome friendly error page -->
<!-- a padding to disable MSIE and Chrome friendly error page -->
<!-- a padding to disable MSIE and Chrome friendly error page -->
<!-- a padding to disable MSIE and Chrome friendly error page -->
<!-- a padding to disable MSIE and Chrome friendly error page -->
<!-- a padding to disable MSIE and Chrome friendly error page -->
: Status code '502' @ https://r2.jjagd.net/_framework/blazor.web.qcnkhbt5lj.js:0
[112797130ms] [ERROR] [2026-04-16T21:36:23.044Z] Error: Error: Failed to complete negotiation with the server: Error: <html>
<head><title>502 Bad Gateway</title></head>
<body>
<center><h1>502 Bad Gateway</h1></center>
<hr><center>openresty</center>
</body>
</html>
<!-- a padding to disable MSIE and Chrome friendly error page -->
<!-- a padding to disable MSIE and Chrome friendly error page -->
<!-- a padding to disable MSIE and Chrome friendly error page -->
<!-- a padding to disable MSIE and Chrome friendly error page -->
<!-- a padding to disable MSIE and Chrome friendly error page -->
<!-- a padding to disable MSIE and Chrome friendly error page -->
: Status code '502' @ https://r2.jjagd.net/_framework/blazor.web.qcnkhbt5lj.js:0
[112797130ms] [ERROR] [2026-04-16T21:36:23.044Z] Error: Error: Failed to complete negotiation with the server: Error: <html>
<head><title>502 Bad Gateway</title></head>
<body>
<center><h1>502 Bad Gateway</h1></center>
<hr><center>openresty</center>
</body>
</html>
<!-- a padding to disable MSIE and Chrome friendly error page -->
<!-- a padding to disable MSIE and Chrome friendly error page -->
<!-- a padding to disable MSIE and Chrome friendly error page -->
<!-- a padding to disable MSIE and Chrome friendly error page -->
<!-- a padding to disable MSIE and Chrome friendly error page -->
<!-- a padding to disable MSIE and Chrome friendly error page -->
: Status code '502' @ https://r2.jjagd.net/_framework/blazor.web.qcnkhbt5lj.js:0
[112797130ms] [INFO] [2026-04-16T21:36:23.044Z] Information: Normalizing '_blazor' to 'https://r2.jjagd.net/_blazor'. @ https://r2.jjagd.net/_framework/blazor.web.qcnkhbt5lj.js:0
[112797132ms] [ERROR] Failed to load resource: the server responded with a status of 502 () @ https://r2.jjagd.net/_blazor/negotiate?negotiateVersion=1:0
[112797132ms] [ERROR] [2026-04-16T21:36:23.046Z] Error: Failed to complete negotiation with the server: Error: <html>
<head><title>502 Bad Gateway</title></head>
<body>
<center><h1>502 Bad Gateway</h1></center>
<hr><center>openresty</center>
</body>
</html>
<!-- a padding to disable MSIE and Chrome friendly error page -->
<!-- a padding to disable MSIE and Chrome friendly error page -->
<!-- a padding to disable MSIE and Chrome friendly error page -->
<!-- a padding to disable MSIE and Chrome friendly error page -->
<!-- a padding to disable MSIE and Chrome friendly error page -->
<!-- a padding to disable MSIE and Chrome friendly error page -->
: Status code '502' @ https://r2.jjagd.net/_framework/blazor.web.qcnkhbt5lj.js:0
[112797132ms] [ERROR] [2026-04-16T21:36:23.046Z] Error: Failed to start the connection: Error: Failed to complete negotiation with the server: Error: <html>
<head><title>502 Bad Gateway</title></head>
<body>
<center><h1>502 Bad Gateway</h1></center>
<hr><center>openresty</center>
</body>
</html>
<!-- a padding to disable MSIE and Chrome friendly error page -->
<!-- a padding to disable MSIE and Chrome friendly error page -->
<!-- a padding to disable MSIE and Chrome friendly error page -->
<!-- a padding to disable MSIE and Chrome friendly error page -->
<!-- a padding to disable MSIE and Chrome friendly error page -->
<!-- a padding to disable MSIE and Chrome friendly error page -->
: Status code '502' @ https://r2.jjagd.net/_framework/blazor.web.qcnkhbt5lj.js:0
[112797132ms] [ERROR] [2026-04-16T21:36:23.046Z] Error: Error: Failed to complete negotiation with the server: Error: <html>
<head><title>502 Bad Gateway</title></head>
<body>
<center><h1>502 Bad Gateway</h1></center>
<hr><center>openresty</center>
</body>
</html>
<!-- a padding to disable MSIE and Chrome friendly error page -->
<!-- a padding to disable MSIE and Chrome friendly error page -->
<!-- a padding to disable MSIE and Chrome friendly error page -->
<!-- a padding to disable MSIE and Chrome friendly error page -->
<!-- a padding to disable MSIE and Chrome friendly error page -->
<!-- a padding to disable MSIE and Chrome friendly error page -->
: Status code '502' @ https://r2.jjagd.net/_framework/blazor.web.qcnkhbt5lj.js:0
[112797132ms] [ERROR] [2026-04-16T21:36:23.046Z] Error: Error: Failed to complete negotiation with the server: Error: <html>
<head><title>502 Bad Gateway</title></head>
<body>
<center><h1>502 Bad Gateway</h1></center>
<hr><center>openresty</center>
</body>
</html>
<!-- a padding to disable MSIE and Chrome friendly error page -->
<!-- a padding to disable MSIE and Chrome friendly error page -->
<!-- a padding to disable MSIE and Chrome friendly error page -->
<!-- a padding to disable MSIE and Chrome friendly error page -->
<!-- a padding to disable MSIE and Chrome friendly error page -->
<!-- a padding to disable MSIE and Chrome friendly error page -->
: Status code '502' @ https://r2.jjagd.net/_framework/blazor.web.qcnkhbt5lj.js:0
[112797133ms] [INFO] [2026-04-16T21:36:23.046Z] Information: Normalizing '_blazor' to 'https://r2.jjagd.net/_blazor'. @ https://r2.jjagd.net/_framework/blazor.web.qcnkhbt5lj.js:0
[112797134ms] [ERROR] Failed to load resource: the server responded with a status of 502 () @ https://r2.jjagd.net/_blazor/negotiate?negotiateVersion=1:0
[112797134ms] [ERROR] [2026-04-16T21:36:23.048Z] Error: Failed to complete negotiation with the server: Error: <html>
<head><title>502 Bad Gateway</title></head>
<body>
<center><h1>502 Bad Gateway</h1></center>
<hr><center>openresty</center>
</body>
</html>
<!-- a padding to disable MSIE and Chrome friendly error page -->
<!-- a padding to disable MSIE and Chrome friendly error page -->
<!-- a padding to disable MSIE and Chrome friendly error page -->
<!-- a padding to disable MSIE and Chrome friendly error page -->
<!-- a padding to disable MSIE and Chrome friendly error page -->
<!-- a padding to disable MSIE and Chrome friendly error page -->
: Status code '502' @ https://r2.jjagd.net/_framework/blazor.web.qcnkhbt5lj.js:0
[112797134ms] [ERROR] [2026-04-16T21:36:23.048Z] Error: Failed to start the connection: Error: Failed to complete negotiation with the server: Error: <html>
<head><title>502 Bad Gateway</title></head>
<body>
<center><h1>502 Bad Gateway</h1></center>
<hr><center>openresty</center>
</body>
</html>
<!-- a padding to disable MSIE and Chrome friendly error page -->
<!-- a padding to disable MSIE and Chrome friendly error page -->
<!-- a padding to disable MSIE and Chrome friendly error page -->
<!-- a padding to disable MSIE and Chrome friendly error page -->
<!-- a padding to disable MSIE and Chrome friendly error page -->
<!-- a padding to disable MSIE and Chrome friendly error page -->
: Status code '502' @ https://r2.jjagd.net/_framework/blazor.web.qcnkhbt5lj.js:0
[112797134ms] [ERROR] [2026-04-16T21:36:23.048Z] Error: Error: Failed to complete negotiation with the server: Error: <html>
<head><title>502 Bad Gateway</title></head>
<body>
<center><h1>502 Bad Gateway</h1></center>
<hr><center>openresty</center>
</body>
</html>
<!-- a padding to disable MSIE and Chrome friendly error page -->
<!-- a padding to disable MSIE and Chrome friendly error page -->
<!-- a padding to disable MSIE and Chrome friendly error page -->
<!-- a padding to disable MSIE and Chrome friendly error page -->
<!-- a padding to disable MSIE and Chrome friendly error page -->
<!-- a padding to disable MSIE and Chrome friendly error page -->
: Status code '502' @ https://r2.jjagd.net/_framework/blazor.web.qcnkhbt5lj.js:0
[112797134ms] [ERROR] [2026-04-16T21:36:23.048Z] Error: Error: Failed to complete negotiation with the server: Error: <html>
<head><title>502 Bad Gateway</title></head>
<body>
<center><h1>502 Bad Gateway</h1></center>
<hr><center>openresty</center>
</body>
</html>
<!-- a padding to disable MSIE and Chrome friendly error page -->
<!-- a padding to disable MSIE and Chrome friendly error page -->
<!-- a padding to disable MSIE and Chrome friendly error page -->
<!-- a padding to disable MSIE and Chrome friendly error page -->
<!-- a padding to disable MSIE and Chrome friendly error page -->
<!-- a padding to disable MSIE and Chrome friendly error page -->
: Status code '502' @ https://r2.jjagd.net/_framework/blazor.web.qcnkhbt5lj.js:0
[112797135ms] [INFO] [2026-04-16T21:36:23.048Z] Information: Normalizing '_blazor' to 'https://r2.jjagd.net/_blazor'. @ https://r2.jjagd.net/_framework/blazor.web.qcnkhbt5lj.js:0
[112797136ms] [ERROR] Failed to load resource: the server responded with a status of 502 () @ https://r2.jjagd.net/_blazor/negotiate?negotiateVersion=1:0
[112797137ms] [ERROR] [2026-04-16T21:36:23.050Z] Error: Failed to complete negotiation with the server: Error: <html>
<head><title>502 Bad Gateway</title></head>
<body>
<center><h1>502 Bad Gateway</h1></center>
<hr><center>openresty</center>
</body>
</html>
<!-- a padding to disable MSIE and Chrome friendly error page -->
<!-- a padding to disable MSIE and Chrome friendly error page -->
<!-- a padding to disable MSIE and Chrome friendly error page -->
<!-- a padding to disable MSIE and Chrome friendly error page -->
<!-- a padding to disable MSIE and Chrome friendly error page -->
<!-- a padding to disable MSIE and Chrome friendly error page -->
: Status code '502' @ https://r2.jjagd.net/_framework/blazor.web.qcnkhbt5lj.js:0
[112797137ms] [ERROR] [2026-04-16T21:36:23.050Z] Error: Failed to start the connection: Error: Failed to complete negotiation with the server: Error: <html>
<head><title>502 Bad Gateway</title></head>
<body>
<center><h1>502 Bad Gateway</h1></center>
<hr><center>openresty</center>
</body>
</html>
<!-- a padding to disable MSIE and Chrome friendly error page -->
<!-- a padding to disable MSIE and Chrome friendly error page -->
<!-- a padding to disable MSIE and Chrome friendly error page -->
<!-- a padding to disable MSIE and Chrome friendly error page -->
<!-- a padding to disable MSIE and Chrome friendly error page -->
<!-- a padding to disable MSIE and Chrome friendly error page -->
: Status code '502' @ https://r2.jjagd.net/_framework/blazor.web.qcnkhbt5lj.js:0
[112797137ms] [ERROR] [2026-04-16T21:36:23.050Z] Error: Error: Failed to complete negotiation with the server: Error: <html>
<head><title>502 Bad Gateway</title></head>
<body>
<center><h1>502 Bad Gateway</h1></center>
<hr><center>openresty</center>
</body>
</html>
<!-- a padding to disable MSIE and Chrome friendly error page -->
<!-- a padding to disable MSIE and Chrome friendly error page -->
<!-- a padding to disable MSIE and Chrome friendly error page -->
<!-- a padding to disable MSIE and Chrome friendly error page -->
<!-- a padding to disable MSIE and Chrome friendly error page -->
<!-- a padding to disable MSIE and Chrome friendly error page -->
: Status code '502' @ https://r2.jjagd.net/_framework/blazor.web.qcnkhbt5lj.js:0
[112797137ms] [ERROR] [2026-04-16T21:36:23.050Z] Error: Error: Failed to complete negotiation with the server: Error: <html>
<head><title>502 Bad Gateway</title></head>
<body>
<center><h1>502 Bad Gateway</h1></center>
<hr><center>openresty</center>
</body>
</html>
<!-- a padding to disable MSIE and Chrome friendly error page -->
<!-- a padding to disable MSIE and Chrome friendly error page -->
<!-- a padding to disable MSIE and Chrome friendly error page -->
<!-- a padding to disable MSIE and Chrome friendly error page -->
<!-- a padding to disable MSIE and Chrome friendly error page -->
<!-- a padding to disable MSIE and Chrome friendly error page -->
: Status code '502' @ https://r2.jjagd.net/_framework/blazor.web.qcnkhbt5lj.js:0
[112797137ms] [INFO] [2026-04-16T21:36:23.050Z] Information: Normalizing '_blazor' to 'https://r2.jjagd.net/_blazor'. @ https://r2.jjagd.net/_framework/blazor.web.qcnkhbt5lj.js:0
[112797138ms] [ERROR] Failed to load resource: the server responded with a status of 502 () @ https://r2.jjagd.net/_blazor/negotiate?negotiateVersion=1:0
[112797139ms] [ERROR] [2026-04-16T21:36:23.052Z] Error: Failed to complete negotiation with the server: Error: <html>
<head><title>502 Bad Gateway</title></head>
<body>
<center><h1>502 Bad Gateway</h1></center>
<hr><center>openresty</center>
</body>
</html>
<!-- a padding to disable MSIE and Chrome friendly error page -->
<!-- a padding to disable MSIE and Chrome friendly error page -->
<!-- a padding to disable MSIE and Chrome friendly error page -->
<!-- a padding to disable MSIE and Chrome friendly error page -->
<!-- a padding to disable MSIE and Chrome friendly error page -->
<!-- a padding to disable MSIE and Chrome friendly error page -->
: Status code '502' @ https://r2.jjagd.net/_framework/blazor.web.qcnkhbt5lj.js:0
[112797139ms] [ERROR] [2026-04-16T21:36:23.052Z] Error: Failed to start the connection: Error: Failed to complete negotiation with the server: Error: <html>
<head><title>502 Bad Gateway</title></head>
<body>
<center><h1>502 Bad Gateway</h1></center>
<hr><center>openresty</center>
</body>
</html>
<!-- a padding to disable MSIE and Chrome friendly error page -->
<!-- a padding to disable MSIE and Chrome friendly error page -->
<!-- a padding to disable MSIE and Chrome friendly error page -->
<!-- a padding to disable MSIE and Chrome friendly error page -->
<!-- a padding to disable MSIE and Chrome friendly error page -->
<!-- a padding to disable MSIE and Chrome friendly error page -->
: Status code '502' @ https://r2.jjagd.net/_framework/blazor.web.qcnkhbt5lj.js:0
[112797139ms] [ERROR] [2026-04-16T21:36:23.052Z] Error: Error: Failed to complete negotiation with the server: Error: <html>
<head><title>502 Bad Gateway</title></head>
<body>
<center><h1>502 Bad Gateway</h1></center>
<hr><center>openresty</center>
</body>
</html>
<!-- a padding to disable MSIE and Chrome friendly error page -->
<!-- a padding to disable MSIE and Chrome friendly error page -->
<!-- a padding to disable MSIE and Chrome friendly error page -->
<!-- a padding to disable MSIE and Chrome friendly error page -->
<!-- a padding to disable MSIE and Chrome friendly error page -->
<!-- a padding to disable MSIE and Chrome friendly error page -->
: Status code '502' @ https://r2.jjagd.net/_framework/blazor.web.qcnkhbt5lj.js:0
[112797139ms] [ERROR] [2026-04-16T21:36:23.052Z] Error: Error: Failed to complete negotiation with the server: Error: <html>
<head><title>502 Bad Gateway</title></head>
<body>
<center><h1>502 Bad Gateway</h1></center>
<hr><center>openresty</center>
</body>
</html>
<!-- a padding to disable MSIE and Chrome friendly error page -->
<!-- a padding to disable MSIE and Chrome friendly error page -->
<!-- a padding to disable MSIE and Chrome friendly error page -->
<!-- a padding to disable MSIE and Chrome friendly error page -->
<!-- a padding to disable MSIE and Chrome friendly error page -->
<!-- a padding to disable MSIE and Chrome friendly error page -->
: Status code '502' @ https://r2.jjagd.net/_framework/blazor.web.qcnkhbt5lj.js:0
[112797139ms] [INFO] [2026-04-16T21:36:23.052Z] Information: Normalizing '_blazor' to 'https://r2.jjagd.net/_blazor'. @ https://r2.jjagd.net/_framework/blazor.web.qcnkhbt5lj.js:0
[112797140ms] [ERROR] Failed to load resource: the server responded with a status of 502 () @ https://r2.jjagd.net/_blazor/negotiate?negotiateVersion=1:0
[112797140ms] [ERROR] [2026-04-16T21:36:23.054Z] Error: Failed to complete negotiation with the server: Error: <html>
<head><title>502 Bad Gateway</title></head>
<body>
<center><h1>502 Bad Gateway</h1></center>
<hr><center>openresty</center>
</body>
</html>
<!-- a padding to disable MSIE and Chrome friendly error page -->
<!-- a padding to disable MSIE and Chrome friendly error page -->
<!-- a padding to disable MSIE and Chrome friendly error page -->
<!-- a padding to disable MSIE and Chrome friendly error page -->
<!-- a padding to disable MSIE and Chrome friendly error page -->
<!-- a padding to disable MSIE and Chrome friendly error page -->
: Status code '502' @ https://r2.jjagd.net/_framework/blazor.web.qcnkhbt5lj.js:0
[112797140ms] [ERROR] [2026-04-16T21:36:23.054Z] Error: Failed to start the connection: Error: Failed to complete negotiation with the server: Error: <html>
<head><title>502 Bad Gateway</title></head>
<body>
<center><h1>502 Bad Gateway</h1></center>
<hr><center>openresty</center>
</body>
</html>
<!-- a padding to disable MSIE and Chrome friendly error page -->
<!-- a padding to disable MSIE and Chrome friendly error page -->
<!-- a padding to disable MSIE and Chrome friendly error page -->
<!-- a padding to disable MSIE and Chrome friendly error page -->
<!-- a padding to disable MSIE and Chrome friendly error page -->
<!-- a padding to disable MSIE and Chrome friendly error page -->
: Status code '502' @ https://r2.jjagd.net/_framework/blazor.web.qcnkhbt5lj.js:0
[112797140ms] [ERROR] [2026-04-16T21:36:23.054Z] Error: Error: Failed to complete negotiation with the server: Error: <html>
<head><title>502 Bad Gateway</title></head>
<body>
<center><h1>502 Bad Gateway</h1></center>
<hr><center>openresty</center>
</body>
</html>
<!-- a padding to disable MSIE and Chrome friendly error page -->
<!-- a padding to disable MSIE and Chrome friendly error page -->
<!-- a padding to disable MSIE and Chrome friendly error page -->
<!-- a padding to disable MSIE and Chrome friendly error page -->
<!-- a padding to disable MSIE and Chrome friendly error page -->
<!-- a padding to disable MSIE and Chrome friendly error page -->
: Status code '502' @ https://r2.jjagd.net/_framework/blazor.web.qcnkhbt5lj.js:0
[112797140ms] [ERROR] [2026-04-16T21:36:23.054Z] Error: Error: Failed to complete negotiation with the server: Error: <html>
<head><title>502 Bad Gateway</title></head>
<body>
<center><h1>502 Bad Gateway</h1></center>
<hr><center>openresty</center>
</body>
</html>
<!-- a padding to disable MSIE and Chrome friendly error page -->
<!-- a padding to disable MSIE and Chrome friendly error page -->
<!-- a padding to disable MSIE and Chrome friendly error page -->
<!-- a padding to disable MSIE and Chrome friendly error page -->
<!-- a padding to disable MSIE and Chrome friendly error page -->
<!-- a padding to disable MSIE and Chrome friendly error page -->
: Status code '502' @ https://r2.jjagd.net/_framework/blazor.web.qcnkhbt5lj.js:0
[112802143ms] [INFO] [2026-04-16T21:36:28.056Z] Information: Normalizing '_blazor' to 'https://r2.jjagd.net/_blazor'. @ https://r2.jjagd.net/_framework/blazor.web.qcnkhbt5lj.js:0
[112802145ms] [ERROR] Failed to load resource: the server responded with a status of 502 () @ https://r2.jjagd.net/_blazor/negotiate?negotiateVersion=1:0
[112802145ms] [ERROR] [2026-04-16T21:36:28.059Z] Error: Failed to complete negotiation with the server: Error: <html>
<head><title>502 Bad Gateway</title></head>
<body>
<center><h1>502 Bad Gateway</h1></center>
<hr><center>openresty</center>
</body>
</html>
<!-- a padding to disable MSIE and Chrome friendly error page -->
<!-- a padding to disable MSIE and Chrome friendly error page -->
<!-- a padding to disable MSIE and Chrome friendly error page -->
<!-- a padding to disable MSIE and Chrome friendly error page -->
<!-- a padding to disable MSIE and Chrome friendly error page -->
<!-- a padding to disable MSIE and Chrome friendly error page -->
: Status code '502' @ https://r2.jjagd.net/_framework/blazor.web.qcnkhbt5lj.js:0
[112802145ms] [ERROR] [2026-04-16T21:36:28.059Z] Error: Failed to start the connection: Error: Failed to complete negotiation with the server: Error: <html>
<head><title>502 Bad Gateway</title></head>
<body>
<center><h1>502 Bad Gateway</h1></center>
<hr><center>openresty</center>
</body>
</html>
<!-- a padding to disable MSIE and Chrome friendly error page -->
<!-- a padding to disable MSIE and Chrome friendly error page -->
<!-- a padding to disable MSIE and Chrome friendly error page -->
<!-- a padding to disable MSIE and Chrome friendly error page -->
<!-- a padding to disable MSIE and Chrome friendly error page -->
<!-- a padding to disable MSIE and Chrome friendly error page -->
: Status code '502' @ https://r2.jjagd.net/_framework/blazor.web.qcnkhbt5lj.js:0
[112802145ms] [ERROR] [2026-04-16T21:36:28.059Z] Error: Error: Failed to complete negotiation with the server: Error: <html>
<head><title>502 Bad Gateway</title></head>
<body>
<center><h1>502 Bad Gateway</h1></center>
<hr><center>openresty</center>
</body>
</html>
<!-- a padding to disable MSIE and Chrome friendly error page -->
<!-- a padding to disable MSIE and Chrome friendly error page -->
<!-- a padding to disable MSIE and Chrome friendly error page -->
<!-- a padding to disable MSIE and Chrome friendly error page -->
<!-- a padding to disable MSIE and Chrome friendly error page -->
<!-- a padding to disable MSIE and Chrome friendly error page -->
: Status code '502' @ https://r2.jjagd.net/_framework/blazor.web.qcnkhbt5lj.js:0
[112802145ms] [ERROR] [2026-04-16T21:36:28.059Z] Error: Error: Failed to complete negotiation with the server: Error: <html>
<head><title>502 Bad Gateway</title></head>
<body>
<center><h1>502 Bad Gateway</h1></center>
<hr><center>openresty</center>
</body>
</html>
<!-- a padding to disable MSIE and Chrome friendly error page -->
<!-- a padding to disable MSIE and Chrome friendly error page -->
<!-- a padding to disable MSIE and Chrome friendly error page -->
<!-- a padding to disable MSIE and Chrome friendly error page -->
<!-- a padding to disable MSIE and Chrome friendly error page -->
<!-- a padding to disable MSIE and Chrome friendly error page -->
: Status code '502' @ https://r2.jjagd.net/_framework/blazor.web.qcnkhbt5lj.js:0
[112807147ms] [INFO] [2026-04-16T21:36:33.061Z] Information: Normalizing '_blazor' to 'https://r2.jjagd.net/_blazor'. @ https://r2.jjagd.net/_framework/blazor.web.qcnkhbt5lj.js:0
[112807151ms] [ERROR] Failed to load resource: the server responded with a status of 502 () @ https://r2.jjagd.net/_blazor/negotiate?negotiateVersion=1:0
[112807151ms] [ERROR] [2026-04-16T21:36:33.064Z] Error: Failed to complete negotiation with the server: Error: <html>
<head><title>502 Bad Gateway</title></head>
<body>
<center><h1>502 Bad Gateway</h1></center>
<hr><center>openresty</center>
</body>
</html>
<!-- a padding to disable MSIE and Chrome friendly error page -->
<!-- a padding to disable MSIE and Chrome friendly error page -->
<!-- a padding to disable MSIE and Chrome friendly error page -->
<!-- a padding to disable MSIE and Chrome friendly error page -->
<!-- a padding to disable MSIE and Chrome friendly error page -->
<!-- a padding to disable MSIE and Chrome friendly error page -->
: Status code '502' @ https://r2.jjagd.net/_framework/blazor.web.qcnkhbt5lj.js:0
[112807151ms] [ERROR] [2026-04-16T21:36:33.064Z] Error: Failed to start the connection: Error: Failed to complete negotiation with the server: Error: <html>
<head><title>502 Bad Gateway</title></head>
<body>
<center><h1>502 Bad Gateway</h1></center>
<hr><center>openresty</center>
</body>
</html>
<!-- a padding to disable MSIE and Chrome friendly error page -->
<!-- a padding to disable MSIE and Chrome friendly error page -->
<!-- a padding to disable MSIE and Chrome friendly error page -->
<!-- a padding to disable MSIE and Chrome friendly error page -->
<!-- a padding to disable MSIE and Chrome friendly error page -->
<!-- a padding to disable MSIE and Chrome friendly error page -->
: Status code '502' @ https://r2.jjagd.net/_framework/blazor.web.qcnkhbt5lj.js:0
[112807151ms] [ERROR] [2026-04-16T21:36:33.064Z] Error: Error: Failed to complete negotiation with the server: Error: <html>
<head><title>502 Bad Gateway</title></head>
<body>
<center><h1>502 Bad Gateway</h1></center>
<hr><center>openresty</center>
</body>
</html>
<!-- a padding to disable MSIE and Chrome friendly error page -->
<!-- a padding to disable MSIE and Chrome friendly error page -->
<!-- a padding to disable MSIE and Chrome friendly error page -->
<!-- a padding to disable MSIE and Chrome friendly error page -->
<!-- a padding to disable MSIE and Chrome friendly error page -->
<!-- a padding to disable MSIE and Chrome friendly error page -->
: Status code '502' @ https://r2.jjagd.net/_framework/blazor.web.qcnkhbt5lj.js:0
[112807151ms] [ERROR] [2026-04-16T21:36:33.064Z] Error: Error: Failed to complete negotiation with the server: Error: <html>
<head><title>502 Bad Gateway</title></head>
<body>
<center><h1>502 Bad Gateway</h1></center>
<hr><center>openresty</center>
</body>
</html>
<!-- a padding to disable MSIE and Chrome friendly error page -->
<!-- a padding to disable MSIE and Chrome friendly error page -->
<!-- a padding to disable MSIE and Chrome friendly error page -->
<!-- a padding to disable MSIE and Chrome friendly error page -->
<!-- a padding to disable MSIE and Chrome friendly error page -->
<!-- a padding to disable MSIE and Chrome friendly error page -->
: Status code '502' @ https://r2.jjagd.net/_framework/blazor.web.qcnkhbt5lj.js:0
[112812154ms] [INFO] [2026-04-16T21:36:38.068Z] Information: Normalizing '_blazor' to 'https://r2.jjagd.net/_blazor'. @ https://r2.jjagd.net/_framework/blazor.web.qcnkhbt5lj.js:0
[112812510ms] [ERROR] Failed to load resource: net::ERR_SSL_UNRECOGNIZED_NAME_ALERT @ https://r2.jjagd.net/_blazor/negotiate?negotiateVersion=1:0
[112812510ms] [WARNING] [2026-04-16T21:36:38.424Z] Warning: Error from HTTP request. TypeError: Failed to fetch. @ https://r2.jjagd.net/_framework/blazor.web.qcnkhbt5lj.js:0
[112812510ms] [ERROR] [2026-04-16T21:36:38.424Z] Error: Failed to complete negotiation with the server: TypeError: Failed to fetch @ https://r2.jjagd.net/_framework/blazor.web.qcnkhbt5lj.js:0
[112812511ms] [ERROR] [2026-04-16T21:36:38.424Z] Error: Failed to start the connection: Error: Failed to complete negotiation with the server: TypeError: Failed to fetch @ https://r2.jjagd.net/_framework/blazor.web.qcnkhbt5lj.js:0
[112812511ms] [ERROR] [2026-04-16T21:36:38.424Z] Error: Error: Failed to complete negotiation with the server: TypeError: Failed to fetch @ https://r2.jjagd.net/_framework/blazor.web.qcnkhbt5lj.js:0
[112812511ms] [ERROR] [2026-04-16T21:36:38.424Z] Error: Error: Failed to complete negotiation with the server: TypeError: Failed to fetch @ https://r2.jjagd.net/_framework/blazor.web.qcnkhbt5lj.js:0
[112817512ms] [INFO] [2026-04-16T21:36:43.426Z] Information: Normalizing '_blazor' to 'https://r2.jjagd.net/_blazor'. @ https://r2.jjagd.net/_framework/blazor.web.qcnkhbt5lj.js:0
[112817838ms] [ERROR] Failed to load resource: net::ERR_SSL_UNRECOGNIZED_NAME_ALERT @ https://r2.jjagd.net/_blazor/negotiate?negotiateVersion=1:0
[112817838ms] [WARNING] [2026-04-16T21:36:43.752Z] Warning: Error from HTTP request. TypeError: Failed to fetch. @ https://r2.jjagd.net/_framework/blazor.web.qcnkhbt5lj.js:0
[112817838ms] [ERROR] [2026-04-16T21:36:43.752Z] Error: Failed to complete negotiation with the server: TypeError: Failed to fetch @ https://r2.jjagd.net/_framework/blazor.web.qcnkhbt5lj.js:0
[112817838ms] [ERROR] [2026-04-16T21:36:43.752Z] Error: Failed to start the connection: Error: Failed to complete negotiation with the server: TypeError: Failed to fetch @ https://r2.jjagd.net/_framework/blazor.web.qcnkhbt5lj.js:0
[112817838ms] [ERROR] [2026-04-16T21:36:43.752Z] Error: Error: Failed to complete negotiation with the server: TypeError: Failed to fetch @ https://r2.jjagd.net/_framework/blazor.web.qcnkhbt5lj.js:0
[112817838ms] [ERROR] [2026-04-16T21:36:43.752Z] Error: Error: Failed to complete negotiation with the server: TypeError: Failed to fetch @ https://r2.jjagd.net/_framework/blazor.web.qcnkhbt5lj.js:0
[112822842ms] [INFO] [2026-04-16T21:36:48.755Z] Information: Normalizing '_blazor' to 'https://r2.jjagd.net/_blazor'. @ https://r2.jjagd.net/_framework/blazor.web.qcnkhbt5lj.js:0
[112823182ms] [ERROR] Failed to load resource: net::ERR_SSL_UNRECOGNIZED_NAME_ALERT @ https://r2.jjagd.net/_blazor/negotiate?negotiateVersion=1:0
[112823182ms] [WARNING] [2026-04-16T21:36:49.095Z] Warning: Error from HTTP request. TypeError: Failed to fetch. @ https://r2.jjagd.net/_framework/blazor.web.qcnkhbt5lj.js:0
[112823182ms] [ERROR] [2026-04-16T21:36:49.095Z] Error: Failed to complete negotiation with the server: TypeError: Failed to fetch @ https://r2.jjagd.net/_framework/blazor.web.qcnkhbt5lj.js:0
[112823182ms] [ERROR] [2026-04-16T21:36:49.095Z] Error: Failed to start the connection: Error: Failed to complete negotiation with the server: TypeError: Failed to fetch @ https://r2.jjagd.net/_framework/blazor.web.qcnkhbt5lj.js:0
[112823182ms] [ERROR] [2026-04-16T21:36:49.095Z] Error: Error: Failed to complete negotiation with the server: TypeError: Failed to fetch @ https://r2.jjagd.net/_framework/blazor.web.qcnkhbt5lj.js:0
[112823182ms] [ERROR] [2026-04-16T21:36:49.095Z] Error: Error: Failed to complete negotiation with the server: TypeError: Failed to fetch @ https://r2.jjagd.net/_framework/blazor.web.qcnkhbt5lj.js:0
[112828184ms] [INFO] [2026-04-16T21:36:54.098Z] Information: Normalizing '_blazor' to 'https://r2.jjagd.net/_blazor'. @ https://r2.jjagd.net/_framework/blazor.web.qcnkhbt5lj.js:0
[112828793ms] [ERROR] Failed to load resource: the server responded with a status of 502 () @ https://r2.jjagd.net/_blazor/negotiate?negotiateVersion=1:0
[112828794ms] [ERROR] [2026-04-16T21:36:54.707Z] Error: Failed to complete negotiation with the server: Error: <html>
<head><title>502 Bad Gateway</title></head>
<body>
<center><h1>502 Bad Gateway</h1></center>
<hr><center>openresty</center>
</body>
</html>
<!-- a padding to disable MSIE and Chrome friendly error page -->
<!-- a padding to disable MSIE and Chrome friendly error page -->
<!-- a padding to disable MSIE and Chrome friendly error page -->
<!-- a padding to disable MSIE and Chrome friendly error page -->
<!-- a padding to disable MSIE and Chrome friendly error page -->
<!-- a padding to disable MSIE and Chrome friendly error page -->
: Status code '502' @ https://r2.jjagd.net/_framework/blazor.web.qcnkhbt5lj.js:0
[112828794ms] [ERROR] [2026-04-16T21:36:54.707Z] Error: Failed to start the connection: Error: Failed to complete negotiation with the server: Error: <html>
<head><title>502 Bad Gateway</title></head>
<body>
<center><h1>502 Bad Gateway</h1></center>
<hr><center>openresty</center>
</body>
</html>
<!-- a padding to disable MSIE and Chrome friendly error page -->
<!-- a padding to disable MSIE and Chrome friendly error page -->
<!-- a padding to disable MSIE and Chrome friendly error page -->
<!-- a padding to disable MSIE and Chrome friendly error page -->
<!-- a padding to disable MSIE and Chrome friendly error page -->
<!-- a padding to disable MSIE and Chrome friendly error page -->
: Status code '502' @ https://r2.jjagd.net/_framework/blazor.web.qcnkhbt5lj.js:0
[112828794ms] [ERROR] [2026-04-16T21:36:54.707Z] Error: Error: Failed to complete negotiation with the server: Error: <html>
<head><title>502 Bad Gateway</title></head>
<body>
<center><h1>502 Bad Gateway</h1></center>
<hr><center>openresty</center>
</body>
</html>
<!-- a padding to disable MSIE and Chrome friendly error page -->
<!-- a padding to disable MSIE and Chrome friendly error page -->
<!-- a padding to disable MSIE and Chrome friendly error page -->
<!-- a padding to disable MSIE and Chrome friendly error page -->
<!-- a padding to disable MSIE and Chrome friendly error page -->
<!-- a padding to disable MSIE and Chrome friendly error page -->
: Status code '502' @ https://r2.jjagd.net/_framework/blazor.web.qcnkhbt5lj.js:0
[112828794ms] [ERROR] [2026-04-16T21:36:54.707Z] Error: Error: Failed to complete negotiation with the server: Error: <html>
<head><title>502 Bad Gateway</title></head>
<body>
<center><h1>502 Bad Gateway</h1></center>
<hr><center>openresty</center>
</body>
</html>
<!-- a padding to disable MSIE and Chrome friendly error page -->
<!-- a padding to disable MSIE and Chrome friendly error page -->
<!-- a padding to disable MSIE and Chrome friendly error page -->
<!-- a padding to disable MSIE and Chrome friendly error page -->
<!-- a padding to disable MSIE and Chrome friendly error page -->
<!-- a padding to disable MSIE and Chrome friendly error page -->
: Status code '502' @ https://r2.jjagd.net/_framework/blazor.web.qcnkhbt5lj.js:0
[112833797ms] [INFO] [2026-04-16T21:36:59.710Z] Information: Normalizing '_blazor' to 'https://r2.jjagd.net/_blazor'. @ https://r2.jjagd.net/_framework/blazor.web.qcnkhbt5lj.js:0
[112834270ms] [INFO] [2026-04-16T21:37:00.184Z] Information: WebSocket connected to wss://r2.jjagd.net/_blazor?id=H--rOnk9cVSNqUcPmgAi1w. @ https://r2.jjagd.net/_framework/blazor.web.qcnkhbt5lj.js:0
[112835047ms] [INFO] [2026-04-16T21:37:00.961Z] Information: Normalizing '_blazor' to 'https://r2.jjagd.net/_blazor'. @ https://r2.jjagd.net/_framework/blazor.web.qcnkhbt5lj.js:0
[112835345ms] [INFO] [2026-04-16T21:37:01.259Z] Information: WebSocket connected to wss://r2.jjagd.net/_blazor?id=v0K2mWFpMAovtBmT-aCd-A. @ https://r2.jjagd.net/_framework/blazor.web.qcnkhbt5lj.js:0
